country_code,country,region,year,population,income_per_capita,life_expectancy,fertility_rate,child_mortality,co2_per_capita,people_in_poverty,traffic_deaths,internet_users,cell_phones_total
afg,Afghanistan,South Asia,2000,20130327.0,2.5963,61.2,7.57,129.18,0.037,14581635.0,21.86,,
afg,Afghanistan,South Asia,2005,24404567.0,3.3766,63.8,6.86,108.38,0.052,15399393.0,19.81,1.22415,1200000.0
afg,Afghanistan,South Asia,2010,28284089.0,5.1846,65.6,6.2,87.76,0.29,13226894.0,20.75,4.0,10215840.0
afg,Afghanistan,South Asia,2015,33831764.0,5.4014,66.3,5.65,70.45,0.262,14194455.0,22.19,8.26,19709038.0
afg,Afghanistan,South Asia,2020,39068979.0,5.041,64.6,5.15,59.08,0.261,16648682.0,22.65,17.0485,22678024.0
alb,Albania,Europe & Central Asia,2000,3166148.0,8.5658,75.1,2.22,27.22,1.279,140020.0,8.98,0.1141,29791.0
alb,Albania,Europe & Central Asia,2005,3076159.0,9.7539,76.3,1.79,19.98,1.912,91270.0,9.57,6.04389,1530244.0
alb,Albania,Europe & Central Asia,2010,2928722.0,10.4012,78.1,1.65,13.26,2.262,47947.0,8.18,45.0,2692372.0
alb,Albania,Europe & Central Asia,2015,2898632.0,13.0307,78.5,1.63,9.56,2.041,42010.0,7.55,56.9,3400955.0
alb,Albania,Europe & Central Asia,2020,2871954.0,14.8472,77.4,1.37,9.75,2.004,13143.0,6.83,72.23768,2618880.0
dza,Algeria,Middle East & North Africa,2000,30903893.0,8.7406,72.2,2.59,39.7,2.819,2440946.0,30.44,0.49171,86000.0
dza,Algeria,Middle East & North Africa,2005,33109249.0,9.4813,73.7,2.56,33.56,3.215,1171956.0,28.4,5.8439,13661355.0
dza,Algeria,Middle East & North Africa,2010,36188236.0,10.2848,74.5,2.88,27.43,3.277,241446.0,25.59,12.5,32780165.0
dza,Algeria,Middle East & North Africa,2015,40019529.0,10.8801,75.1,3.09,25.17,3.797,3321.0,21.27,38.2,43227643.0
dza,Algeria,Middle East & North Africa,2020,44042091.0,10.1338,74.7,2.94,22.69,3.694,22442.0,18.42,63.4727,45555673.0
and,Andorra,Europe & Central Asia,2000,65685.0,52.0255,80.8,1.27,8.16,8.019,1.0,11.26,10.53884,23543.0
and,Andorra,Europe & Central Asia,2005,77421.0,63.2169,82.1,1.22,6.12,7.3,,9.94,37.60577,64560.0
and,Andorra,Europe & Central Asia,2010,80706.0,57.4141,82.7,1.28,4.5,6.122,,9.68,81.0,65495.0
and,Andorra,Europe & Central Asia,2015,72174.0,61.1771,83.4,1.22,3.34,5.971,,9.36,87.9,71336.0
and,Andorra,Europe & Central Asia,2020,77380.0,54.6593,82.7,1.03,2.66,5.631,4.0,9.21,93.2057,80380.0
ago,Angola,Sub-Saharan Africa,2000,16194869.0,8.3803,54.0,6.64,204.36,0.581,4402030.0,84.94,0.10505,25806.0
ago,Angola,Sub-Saharan Africa,2005,19291161.0,7.7545,57.1,6.46,166.07,0.979,5130739.0,76.83,1.1434,1611118.0
ago,Angola,Sub-Saharan Africa,2010,23294825.0,7.1482,60.0,6.19,120.36,1.237,6080628.0,74.62,2.8,9403365.0
ago,Angola,Sub-Saharan Africa,2015,28157798.0,6.5517,62.7,5.77,88.05,1.22,8278288.0,70.74,22.0,13884532.0
ago,Angola,Sub-Saharan Africa,2020,33451132.0,5.4511,62.8,5.37,71.44,1.123,14399502.0,63.74,33.3209,14645050.0
atg,Antigua and Barbuda,Americas,2000,74912.0,25.033,75.1,2.2,15.47,4.535,3677.0,7.65,6.48223,22000.0
atg,Antigua and Barbuda,Americas,2005,79611.0,26.9475,76.1,1.83,12.9,5.267,2032.0,6.43,27.0,86000.0
atg,Antigua and Barbuda,Americas,2010,85320.0,25.0072,77.5,1.79,10.02,5.957,3792.0,5.7,47.0,167970.0
atg,Antigua and Barbuda,Americas,2015,89409.0,24.9177,77.7,1.57,7.75,5.839,2393.0,6.31,70.0,176000.0
atg,Antigua and Barbuda,Americas,2020,91846.0,23.1714,77.3,1.57,6.45,5.441,2693.0,3.84,71.3684,184000.0
arg,Argentina,Americas,2000,37213984.0,21.2266,74.2,2.59,20.0,3.785,2567267.0,14.17,7.03868,6487950.0
arg,Argentina,Americas,2005,39216789.0,22.4351,75.2,2.43,16.2,3.577,1860112.0,13.17,17.72058,22156426.0
arg,Argentina,Americas,2010,41288694.0,27.3047,75.7,2.41,14.57,4.173,751375.0,14.14,45.0,57082298.0
arg,Argentina,Americas,2015,43477012.0,27.9013,76.6,2.35,11.29,4.6,545218.0,13.07,68.04306,61842011.0
arg,Argentina,Americas,2020,45191965.0,23.2375,76.4,1.6,8.74,3.516,1102221.0,7.96,85.51439,54763900.0
arm,Armenia,Europe & Central Asia,2000,3125628.0,5.715,72.6,1.47,30.6,1.334,751222.0,8.27,1.30047,17486.0
arm,Armenia,Europe & Central Asia,2005,3006351.0,8.205,73.2,1.49,23.71,1.904,194140.0,8.16,5.253,318044.0
arm,Armenia,Europe & Central Asia,2010,2931078.0,8.1821,74.0,1.59,18.27,1.785,110644.0,7.75,25.0,3865354.0
arm,Armenia,Europe & Central Asia,2015,2921177.0,9.8715,75.8,1.62,14.09,2.033,93895.0,9.13,59.10083,3464490.0
arm,Armenia,Europe & Central Asia,2020,2890892.0,8.5898,70.7,1.62,10.93,2.573,50239.0,9.32,76.5077,3488797.0
aus,Australia,East Asia & Pacific,2000,19132471.0,45.9,79.6,1.76,6.19,15.176,161704.0,10.19,46.75612,8562000.0
aus,Australia,East Asia & Pacific,2005,20294490.0,55.935,81.2,1.85,5.72,16.958,113525.0,8.28,63.0,18420000.0
aus,Australia,East Asia & Pacific,2010,22141581.0,66.454,82.0,1.95,4.77,17.881,74752.0,6.71,76.0,22500000.0
aus,Australia,East Asia & Pacific,2015,23948002.0,70.2165,82.6,1.8,3.87,15.964,115027.0,5.3,84.56051,25770000.0
aus,Australia,East Asia & Pacific,2020,25743791.0,69.8215,83.8,1.59,3.63,13.736,204243.0,4.58,94.6935,27013000.0
aut,Austria,Europe & Central Asia,2000,8012928.0,61.8158,78.3,1.36,5.5,11.397,2022.0,10.66,33.73013,6117000.0
aut,Austria,Europe & Central Asia,2005,8229204.0,66.1724,79.5,1.41,4.9,12.909,13435.0,8.4,58.0,8665000.0
aut,Austria,Europe & Central Asia,2010,8365092.0,75.0374,80.4,1.44,4.34,12.04,44324.0,5.92,75.17,12241000.0
aut,Austria,Europe & Central Asia,2015,8644039.0,74.0309,81.2,1.49,3.67,10.265,17578.0,4.41,83.94014,13470623.0
aut,Austria,Europe & Central Asia,2020,8921405.0,78.8999,81.3,1.44,3.51,9.069,59517.0,3.61,87.52943,10717445.0
aze,Azerbaijan,Europe & Central Asia,2000,8174785.0,7.2483,68.5,1.7,26.1,2.87,1143989.0,6.46,0.14776,420400.0
aze,Azerbaijan,Europe & Central Asia,2005,8597248.0,11.2746,69.7,1.98,17.0,4.069,1103.0,6.8,8.0304,2242000.0
aze,Azerbaijan,Europe & Central Asia,2010,9146851.0,22.3388,71.5,1.92,14.94,3.318,,6.35,46.0,9100113.0
aze,Azerbaijan,Europe & Central Asia,2015,9752850.0,23.1835,72.4,2.09,14.07,3.756,,6.13,77.0,10697132.0
aze,Azerbaijan,Europe & Central Asia,2020,10181730.0,21.4427,70.1,1.76,12.58,3.785,,5.94,84.6,10344300.0
bhs,Bahamas,Americas,2000,323835.0,34.5061,71.2,2.06,16.25,6.545,5108.0,19.07,8.0,31524.0
bhs,Bahamas,Americas,2005,343894.0,34.6055,71.8,2.01,16.84,5.633,5108.0,16.66,25.0,227771.0
bhs,Bahamas,Americas,2010,367478.0,31.5204,72.4,1.84,15.55,6.726,6075.0,14.93,43.0,428377.0
bhs,Bahamas,Americas,2015,385346.0,31.584,72.6,1.57,13.99,5.39,6255.0,15.36,78.0,311175.0
bhs,Bahamas,Americas,2020,395863.0,25.4894,71.2,1.39,11.71,4.352,8985.0,16.4,92.4437,466000.0
bhr,Bahrain,Middle East & North Africa,2000,669581.0,49.5551,70.7,2.8,12.48,15.468,2110.0,21.36,6.15373,205727.0
bhr,Bahrain,Middle East & North Africa,2005,932604.0,50.5615,72.7,2.67,10.62,8.646,556.0,20.44,21.3037,767103.0
bhr,Bahrain,Middle East & North Africa,2010,1213244.0,49.5475,74.9,1.99,8.51,14.831,691.0,15.49,55.0,1567000.0
bhr,Bahrain,Middle East & North Africa,2015,1369650.0,52.9139,76.3,2.11,7.58,13.296,576.0,13.09,93.4783,2519055.0
bhr,Bahrain,Middle East & North Africa,2020,1483077.0,52.5859,76.1,1.86,6.76,14.694,732.0,12.02,99.67103,1770966.0
bgd,Bangladesh,South Asia,2000,134544304.0,4.2921,63.6,3.28,86.04,0.197,55075465.0,7.68,0.07104,279000.0
bgd,Bangladesh,South Asia,2005,144715786.0,4.7908,66.1,2.85,64.55,0.273,46010124.0,7.76,0.2416,9000000.0
bgd,Bangladesh,South Asia,2010,152201981.0,5.1278,68.3,2.38,49.15,0.353,38752258.0,6.75,3.7,67923887.0
bgd,Bangladesh,South Asia,2015,159383179.0,5.5348,69.9,2.23,38.07,0.457,32880181.0,6.23,12.3688,131375724.0
bgd,Bangladesh,South Asia,2020,166298024.0,6.8184,69.6,2.18,29.1,0.803,15680107.0,6.15,36.1091,176279465.0
brb,Barbados,Americas,2000,262063.0,18.2149,75.3,1.93,15.13,4.245,3348.0,11.37,3.97368,28467.0
brb,Barbados,Americas,2005,268706.0,18.9144,76.1,1.74,15.69,4.778,4652.0,9.26,52.5,206190.0
brb,Barbados,Americas,2010,275243.0,18.9076,77.1,1.79,14.98,5.193,4878.0,8.31,65.1,350061.0
brb,Barbados,Americas,2015,278990.0,18.133,77.3,1.73,14.03,4.364,5218.0,7.81,72.0494,334792.0
brb,Barbados,Americas,2020,281698.0,15.4662,76.5,1.71,12.29,4.143,6366.0,7.25,69.8901,295000.0
blr,Belarus,Europe & Central Asia,2000,9991313.0,4.9552,68.5,1.27,12.75,4.07,2694543.0,20.06,1.8604,49353.0
blr,Belarus,Europe & Central Asia,2005,9667838.0,9.6294,69.0,1.22,8.74,4.305,263919.0,19.58,,4099500.0
blr,Belarus,Europe & Central Asia,2010,9490752.0,15.1495,70.6,1.48,5.59,6.305,20926.0,14.38,31.8,10332900.0
blr,Belarus,Europe & Central Asia,2015,9487293.0,18.0743,73.8,1.73,4.09,6.154,2069.0,9.28,62.23036,11448281.0
blr,Belarus,Europe & Central Asia,2020,9350944.0,20.5472,74.2,1.37,2.91,5.955,1882.0,6.32,85.08791,11704084.0
bel,Belgium,Europe & Central Asia,2000,10251717.0,63.4297,77.9,1.66,5.8,18.36,28352.0,14.52,29.43169,5629000.0
bel,Belgium,Europe & Central Asia,2005,10478886.0,61.281,79.1,1.75,4.93,21.38,25223.0,10.16,55.82,9604695.0
bel,Belgium,Europe & Central Asia,2010,10936626.0,63.008,80.0,1.85,4.45,19.748,17298.0,7.94,77.63979,12154041.0
bel,Belgium,Europe & Central Asia,2015,11275335.0,64.6002,80.9,1.69,4.07,18.446,9723.0,5.71,85.05294,12774090.0
bel,Belgium,Europe & Central Asia,2020,11540107.0,68.1417,80.4,1.58,3.72,15.308,9789.0,4.21,91.52642,11529728.0
blz,Belize,Americas,2000,240799.0,9.8353,70.3,3.63,24.86,1.601,32462.0,27.67,5.96384,16812.0
blz,Belize,Americas,2005,279731.0,11.9659,72.2,3.17,23.17,1.486,29771.0,22.77,17.0,96000.0
blz,Belize,Americas,2010,320245.0,14.5581,73.8,2.55,16.4,1.672,25377.0,18.95,28.2,194201.0
blz,Belize,Americas,2015,356333.0,17.7118,74.1,2.43,17.07,1.605,12848.0,21.97,41.59,211946.0
blz,Belize,Americas,2020,390812.0,17.4009,73.2,2.04,11.66,1.389,7712.0,21.92,64.4359,264000.0
ben,Benin,Sub-Saharan Africa,2000,7221619.0,2.7924,58.0,5.94,136.84,0.343,5083572.0,43.62,0.22525,55476.0
ben,Benin,Sub-Saharan Africa,2005,8426144.0,2.9556,61.0,5.69,121.49,0.457,5792482.0,35.45,1.271,596267.0
ben,Benin,Sub-Saharan Africa,2010,9797484.0,3.1122,62.5,5.45,109.0,0.761,6584878.0,39.73,3.13,7074914.0
ben,Benin,Sub-Saharan Africa,2015,11360681.0,3.1562,63.1,5.32,97.63,0.714,7332252.0,43.79,11.255,9317955.0
ben,Benin,Sub-Saharan Africa,2020,13070169.0,5.138,65.1,4.8,85.91,0.65,4365831.0,43.51,22.1206,11140891.0
btn,Bhutan,South Asia,2000,596863.0,5.6971,63.4,3.38,77.23,0.646,173249.0,12.42,0.40094,
btn,Bhutan,South Asia,2005,661865.0,7.5505,66.4,2.73,57.55,0.583,123723.0,12.7,3.8471,36000.0
btn,Bhutan,South Asia,2010,701632.0,10.0213,69.4,2.25,42.36,0.678,43514.0,11.33,13.6,394316.0
btn,Bhutan,South Asia,2015,740618.0,11.9398,71.1,1.84,33.13,1.339,25799.0,9.43,39.8,675747.0
btn,Bhutan,South Asia,2020,770006.0,15.5166,72.3,1.5,27.67,1.651,11636.0,8.66,76.8508,745137.0
bol,Bolivia,Americas,2000,8606326.0,12.4956,66.8,3.99,75.64,1.016,2176750.0,34.21,1.44276,582620.0
bol,Bolivia,Americas,2005,9360754.0,15.8482,68.0,3.56,56.15,1.06,1741569.0,33.58,5.22758,2421402.0
bol,Bolivia,Americas,2010,10182345.0,19.5396,69.4,3.21,41.59,1.324,928885.0,34.14,22.4,7179293.0
bol,Bolivia,Americas,2015,11014705.0,22.3993,70.6,2.89,31.33,1.927,694117.0,34.52,37.48682,10162829.0
bol,Bolivia,Americas,2020,11816299.0,22.1432,63.8,2.65,25.5,1.822,528971.0,41.06,59.9401,11804343.0
bih,Bosnia and Herzegovina,Europe & Central Asia,2000,4159771.0,14.257,74.8,1.28,9.89,3.656,26910.0,5.95,1.08296,93386.0
bih,Bosnia and Herzegovina,Europe & Central Asia,2005,4096493.0,22.5303,75.3,1.2,8.87,4.265,14893.0,5.36,21.3267,1594367.0
bih,Bosnia and Herzegovina,Europe & Central Asia,2010,3811472.0,23.0237,76.2,1.26,7.2,5.711,12090.0,4.87,42.75,3110233.0
bih,Bosnia and Herzegovina,Europe & Central Asia,2015,3518541.0,25.9161,76.8,1.32,6.26,5.388,9054.0,4.27,52.6,3443520.0
bih,Bosnia and Herzegovina,Europe & Central Asia,2020,3299349.0,30.5215,75.8,1.52,5.72,6.148,6024.0,3.58,73.21175,3509674.0
bwa,Botswana,Sub-Saharan Africa,2000,1677382.0,9.3863,48.8,3.29,80.45,1.897,596318.0,39.78,2.90267,222190.0
bwa,Botswana,Sub-Saharan Africa,2005,1839877.0,10.7193,60.8,3.08,67.01,1.385,574570.0,24.51,3.2626,563782.0
bwa,Botswana,Sub-Saharan Africa,2010,2033111.0,11.5874,65.8,3.14,51.36,5.05,438686.0,22.4,6.0,2363411.0
bwa,Botswana,Sub-Saharan Africa,2015,2203273.0,11.095,68.0,3.01,49.65,5.819,479211.0,21.09,38.8938,3475327.0
bwa,Botswana,Sub-Saharan Africa,2020,2365894.0,11.2993,69.0,2.86,44.96,4.677,479934.0,20.96,51.6782,3829408.0
bra,Brazil,Americas,2000,174018282.0,14.9717,72.4,2.25,34.72,1.972,31695418.0,22.45,2.87069,23188171.0
bra,Brazil,Americas,2005,184688101.0,16.1565,74.0,1.94,24.78,1.861,26483038.0,22.08,21.02275,86210336.0
bra,Brazil,Americas,2010,193701929.0,20.2208,74.9,1.79,18.64,2.463,16015041.0,22.79,40.65,196929978.0
bra,Brazil,Americas,2015,201675532.0,23.2356,75.8,1.78,15.94,2.659,10685322.0,19.69,58.32795,257814274.0
bra,Brazil,Americas,2020,208660842.0,24.0204,75.2,1.65,14.65,1.986,6197487.0,16.48,81.34269,205834781.0
brn,Brunei,East Asia & Pacific,2000,326424.0,101.854,74.1,2.4,10.35,9.287,37.0,18.55,8.99628,95000.0
brn,Brunei,East Asia & Pacific,2005,358916.0,100.7976,75.3,2.02,9.5,12.274,38.0,14.9,36.46639,232900.0
brn,Brunei,East Asia & Pacific,2010,392332.0,88.8092,76.5,1.94,9.69,16.747,60.0,12.7,53.0,435104.0
brn,Brunei,East Asia & Pacific,2015,422212.0,82.1161,77.3,1.95,10.59,17.81,83.0,10.2,71.2,463384.0
brn,Brunei,East Asia & Pacific,2020,447404.0,80.4827,78.0,1.8,11.51,22.427,90.0,8.82,96.3055,536589.0
bgr,Bulgaria,Europe & Central Asia,2000,8000520.0,10.8122,71.6,1.29,17.52,5.215,479672.0,12.11,5.37092,738000.0
bgr,Bulgaria,Europe & Central Asia,2005,7695050.0,11.8643,72.6,1.36,13.26,6.181,136276.0,11.67,19.97,6244922.0
bgr,Bulgaria,Europe & Central Asia,2010,7437599.0,19.126,74.0,1.57,10.78,5.905,218988.0,9.23,46.23,10199942.0
bgr,Bulgaria,Europe & Central Asia,2015,7177517.0,21.1634,75.0,1.53,8.18,5.543,332522.0,8.28,56.65625,9194633.0
bgr,Bulgaria,Europe & Central Asia,2020,6933652.0,33.9415,74.2,1.56,6.31,5.201,50620.0,6.58,70.16248,7945739.0
bfa,Burkina Faso,Sub-Saharan Africa,2000,11925546.0,2.4229,53.3,6.52,178.92,0.118,9647973.0,29.81,0.07708,25245.0
bfa,Burkina Faso,Sub-Saharan Africa,2005,13932123.0,3.0456,57.9,6.18,153.1,0.122,9350162.0,28.49,0.4699,633554.0
bfa,Burkina Faso,Sub-Saharan Africa,2010,16176498.0,3.1573,63.1,5.94,121.52,0.201,10330338.0,25.14,2.4,5707850.0
bfa,Burkina Faso,Sub-Saharan Africa,2015,18777487.0,3.7891,66.3,5.48,100.89,0.258,10811649.0,25.78,6.5457,14446897.0
bfa,Burkina Faso,Sub-Saharan Africa,2020,21478690.0,4.5247,67.2,4.44,84.9,0.28,9866144.0,22.82,12.9732,22117218.0
bdi,Burundi,Sub-Saharan Africa,2000,6470194.0,1.9438,45.4,6.87,154.47,0.043,5552814.0,51.76,0.07725,16320.0
bdi,Burundi,Sub-Saharan Africa,2005,7587299.0,2.1929,51.5,6.71,124.89,0.021,6237502.0,52.52,0.5421,153000.0
bdi,Burundi,Sub-Saharan Africa,2010,9376444.0,2.4206,59.0,6.26,91.05,0.036,7346142.0,58.19,1.0,1678029.0
bdi,Burundi,Sub-Saharan Africa,2015,11047580.0,2.5762,60.8,5.7,67.62,0.039,8284162.0,57.22,2.0,4997696.0
bdi,Burundi,Sub-Saharan Africa,2020,12617036.0,2.6171,61.2,5.18,54.34,0.047,9286660.0,54.52,6.4301,6631151.0
khm,Cambodia,East Asia & Pacific,2000,12462336.0,2.3497,62.4,3.79,106.33,0.387,7734603.0,28.97,0.04702,130547.0
khm,Cambodia,East Asia & Pacific,2005,13439202.0,3.3395,66.6,3.24,64.67,0.704,5590891.0,24.27,0.31732,1062000.0
khm,Cambodia,East Asia & Pacific,2010,14500726.0,4.4462,70.1,2.86,43.82,1.118,3881910.0,22.42,1.26,8150764.0
khm,Cambodia,East Asia & Pacific,2015,15623251.0,5.9521,72.2,2.73,31.76,1.848,2640653.0,20.33,6.43319,20850543.0
khm,Cambodia,East Asia & Pacific,2020,16725474.0,7.3419,73.4,2.7,25.63,2.338,2032676.0,18.66,56.3759,21086791.0
cmr,Cameroon,Sub-Saharan Africa,2000,14912631.0,5.5663,51.8,5.51,143.93,0.298,5135593.0,37.92,0.25212,103279.0
cmr,Cameroon,Sub-Saharan Africa,2005,17074594.0,5.7453,53.5,5.42,127.5,0.346,5780600.0,37.45,1.4027,2252508.0
cmr,Cameroon,Sub-Saharan Africa,2010,19668066.0,6.3119,55.7,5.15,110.06,0.472,6553896.0,43.31,4.3,8636652.0
cmr,Cameroon,Sub-Saharan Africa,2015,22763414.0,7.2667,57.7,4.84,87.97,0.478,6393538.0,43.42,18.3,18160667.0
cmr,Cameroon,Sub-Saharan Africa,2020,26210558.0,6.9209,60.2,4.56,72.14,0.374,7111599.0,42.24,37.6975,22350310.0
can,Canada,Americas,2000,30891803.0,56.72,79.3,1.51,6.23,18.805,72862.0,9.72,51.3,8727000.0
can,Canada,Americas,2005,32440173.0,62.279,80.4,1.57,6.09,18.801,71354.0,8.96,71.66,17016600.0
can,Canada,Americas,2010,34196899.0,68.0568,81.5,1.64,5.73,17.81,47157.0,6.61,80.3,25825400.0
can,Canada,Americas,2015,35962234.0,71.3355,82.0,1.6,5.36,15.144,108496.0,5.3,90.0,29765000.0
can,Canada,Americas,2020,38171902.0,77.792,81.6,1.41,5.01,12.88,6011.0,4.8,92.3,32360144.0
cpv,Cape Verde,Sub-Saharan Africa,2000,453317.0,6.7061,72.2,3.55,38.1,0.505,173109.0,6.57,1.82244,19729.0
cpv,Cape Verde,Sub-Saharan Africa,2005,485115.0,7.3082,73.5,2.73,28.07,0.95,152280.0,6.86,6.07409,81721.0
cpv,Cape Verde,Sub-Saharan Africa,2010,509784.0,7.9918,75.0,2.33,26.29,1.131,114915.0,7.42,30.0,371871.0
cpv,Cape Verde,Sub-Saharan Africa,2015,512394.0,8.7257,75.0,1.97,19.53,0.943,76933.0,7.4,42.68301,611468.0
cpv,Cape Verde,Sub-Saharan Africa,2020,514679.0,8.3191,73.3,1.59,14.18,1.157,85512.0,7.43,69.3734,544729.0
caf,Central African Republic,Sub-Saharan Africa,2000,3833416.0,2.6087,44.4,5.85,168.9,0.074,2830470.0,77.49,0.05339,4967.0
caf,Central African Republic,Sub-Saharan Africa,2005,4288810.0,3.2641,47.3,5.81,160.76,0.058,2998835.0,66.06,0.2682,100000.0
caf,Central African Republic,Sub-Saharan Africa,2010,4492995.0,3.5628,50.8,5.96,144.99,0.06,2780277.0,58.71,2.0,979232.0
caf,Central African Republic,Sub-Saharan Africa,2015,4629320.0,3.1687,52.4,6.13,123.32,0.065,3324500.0,50.29,2.9,1242494.0
caf,Central African Republic,Sub-Saharan Africa,2020,5026628.0,2.8182,53.8,6.06,102.9,0.065,3523402.0,49.71,,1831000.0
tcd,Chad,Sub-Saharan Africa,2000,8512093.0,2.3185,49.7,7.25,183.98,0.058,6210403.0,28.86,0.03571,5500.0
tcd,Chad,Sub-Saharan Africa,2005,10328092.0,3.2835,51.6,7.13,166.92,0.076,4683341.0,30.86,0.39926,210000.0
tcd,Chad,Sub-Saharan Africa,2010,12312575.0,4.263,54.4,6.99,147.71,0.083,5547004.0,33.18,1.7,2875304.0
tcd,Chad,Sub-Saharan Africa,2015,14647621.0,4.4927,56.0,6.71,128.68,0.069,5939660.0,29.78,3.5,5465797.0
tcd,Chad,Sub-Saharan Africa,2020,17224679.0,4.5353,56.5,6.35,109.96,0.066,7143672.0,28.85,8.3431,8687151.0
chl,Chile,Americas,2000,15503635.0,15.9473,77.0,2.05,10.79,3.822,1369090.0,14.67,16.6,3401525.0
chl,Chile,Americas,2005,16348778.0,17.3,78.1,1.83,9.11,3.75,799342.0,13.29,31.1753,10569572.0
chl,Chile,Americas,2010,17181464.0,20.2967,78.8,1.84,8.58,4.319,393337.0,12.02,45.0,19852242.0
chl,Chile,Americas,2015,18047625.0,26.9479,79.8,1.74,7.74,4.802,133606.0,11.07,76.62959,23206353.0
chl,Chile,Americas,2020,19370624.0,29.5376,79.4,1.31,5.5,4.408,251000.0,9.38,87.4593,25068249.0
chn,China,East Asia & Pacific,2000,1269581175.0,3.7207,70.3,1.63,36.69,2.562,683512044.0,28.43,1.77591,85260000.0
chn,China,East Asia & Pacific,2005,1310027136.0,5.6731,73.0,1.62,24.0,3.594,425666934.0,25.37,8.52326,393406000.0
chn,China,East Asia & Pacific,2010,1351561514.0,8.2097,76.0,1.69,15.75,5.415,275793220.0,19.68,34.3,859003000.0
chn,China,East Asia & Pacific,2015,1396134174.0,12.4808,78.4,1.67,10.7,6.333,45397045.0,13.87,50.3,1291984200.0
chn,China,East Asia & Pacific,2020,1426106093.0,15.1922,80.7,1.24,7.35,7.003,106167.0,9.33,70.05276,1718411000.0
col,Colombia,Americas,2000,39089934.0,10.726,73.8,2.57,25.07,1.383,7176794.0,19.2,2.20753,2256801.0
col,Colombia,Americas,2005,42128977.0,11.9337,76.3,2.31,21.48,1.497,7136968.0,16.12,11.00726,21849993.0
col,Colombia,Americas,2010,44777319.0,14.7082,78.0,2.01,18.33,1.9,5919505.0,14.54,36.5,44477653.0
col,Colombia,Americas,2015,46969940.0,16.6581,79.3,1.77,15.52,2.661,3885691.0,15.19,55.90497,57327470.0
col,Colombia,Americas,2020,50629997.0,14.5637,77.5,1.69,13.14,2.124,6319506.0,13.03,69.79533,67672570.0
com,Comoros,Sub-Saharan Africa,2000,536080.0,8.3776,70.1,5.23,100.63,0.189,154508.0,16.05,0.27174,
com,Comoros,Sub-Saharan Africa,2005,592677.0,8.3887,72.7,5.01,96.68,0.228,171699.0,14.6,2.0,15523.0
com,Comoros,Sub-Saharan Africa,2010,654836.0,7.2137,74.8,4.76,84.6,0.234,213542.0,12.69,5.1,165278.0
com,Comoros,Sub-Saharan Africa,2015,726682.0,6.3845,75.1,4.42,72.32,0.217,242913.0,12.94,7.4592,424786.0
com,Comoros,Sub-Saharan Africa,2020,802163.0,7.0402,74.3,4.07,61.37,0.263,227753.0,16.19,22.4204,781579.0
cod,"Congo, Dem. Rep.",Sub-Saharan Africa,2000,50507442.0,1.0776,52.5,6.7,159.25,0.019,47688038.0,59.9,0.0059,15000.0
cod,"Congo, Dem. Rep.",Sub-Saharan Africa,2005,58775724.0,1.2274,54.6,6.53,136.13,0.026,55313187.0,63.39,0.238,2746094.0
cod,"Congo, Dem. Rep.",Sub-Saharan Africa,2010,68563038.0,1.9019,57.1,6.59,113.82,0.03,58779915.0,67.51,0.72,11820348.0
cod,"Congo, Dem. Rep.",Sub-Saharan Africa,2015,81035531.0,2.1422,59.4,6.44,95.91,0.037,63015747.0,82.87,3.8,37752782.0
cod,"Congo, Dem. Rep.",Sub-Saharan Africa,2020,95989998.0,1.9507,59.6,6.21,80.65,0.024,81203964.0,90.2,14.5105,40798396.0
cog,"Congo, Rep.",Sub-Saharan Africa,2000,3151345.0,3.9951,55.2,4.72,114.13,0.335,1717058.0,45.68,0.02635,70000.0
cog,"Congo, Rep.",Sub-Saharan Africa,2005,3696393.0,4.2822,59.2,4.67,86.37,0.268,1981786.0,38.28,1.4634,558192.0
cog,"Congo, Rep.",Sub-Saharan Africa,2010,4462290.0,5.5141,62.0,4.85,62.03,0.459,1896233.0,40.59,5.0,3718748.0
cog,"Congo, Rep.",Sub-Saharan Africa,2015,5097581.0,6.1315,63.4,4.61,52.57,0.649,2036647.0,38.39,7.616,5216000.0
cog,"Congo, Rep.",Sub-Saharan Africa,2020,5752791.0,4.3372,62.7,4.33,45.07,0.617,2865543.0,38.61,21.9985,5617953.0
cri,Costa Rica,Americas,2000,3937739.0,14.7929,77.6,2.41,13.08,2.0,356762.0,19.88,5.80025,211614.0
cri,Costa Rica,Americas,2005,4261240.0,19.5114,79.1,2.04,11.34,2.193,237357.0,16.9,22.07,1101305.0
cri,Costa Rica,Americas,2010,4555962.0,25.4042,79.8,1.83,10.51,2.395,120559.0,14.3,36.5,3128372.0
cri,Costa Rica,Americas,2015,4818038.0,27.28,80.0,1.8,9.08,2.462,131080.0,15.83,59.76295,7535599.0
cri,Costa Rica,Americas,2020,5034320.0,24.2711,79.4,1.45,7.92,2.183,182794.0,13.44,80.53019,7172976.0
civ,Cote d'Ivoire,Sub-Saharan Africa,2000,17699004.0,4.4231,52.0,5.77,143.32,0.4,7897372.0,26.28,0.23146,472952.0
civ,Cote d'Ivoire,Sub-Saharan Africa,2005,20068458.0,4.4678,56.1,5.5,125.61,0.402,9593624.0,22.6,1.0392,2349439.0
civ,Cote d'Ivoire,Sub-Saharan Africa,2010,22488065.0,4.3568,59.6,5.29,106.28,0.383,10581751.0,19.38,2.7,15599044.0
civ,Cote d'Ivoire,Sub-Saharan Africa,2015,25246342.0,4.3082,61.1,4.97,90.78,0.559,11765939.0,20.58,38.44,25407610.0
civ,Cote d'Ivoire,Sub-Saharan Africa,2020,28915449.0,6.1157,63.1,4.46,77.92,0.546,6821842.0,20.94,36.0166,40095246.0
hrv,Croatia,Europe & Central Asia,2000,4326105.0,24.3376,74.4,1.42,8.3,4.733,,12.73,6.64488,1033000.0
hrv,Croatia,Europe & Central Asia,2005,4313946.0,35.9107,75.5,1.51,6.72,5.824,1926.0,11.49,33.14,3649700.0
hrv,Croatia,Europe & Central Asia,2010,4301145.0,54.2083,76.6,1.55,5.48,5.512,,9.23,56.55,4928352.0
hrv,Croatia,Europe & Central Asia,2015,4183729.0,24.7421,77.8,1.4,4.91,5.026,31987.0,7.16,69.84504,4415660.0
hrv,Croatia,Europe & Central Asia,2020,3953958.0,33.3875,77.7,1.48,4.85,5.485,18652.0,5.92,78.3209,4375699.0
cub,Cuba,Americas,2000,11109109.0,7.8631,77.2,1.61,8.83,2.334,566716.0,14.26,0.54118,6536.0
cub,Cuba,Americas,2005,11262554.0,9.5248,78.1,1.49,7.39,2.297,488148.0,9.98,9.73806,135534.0
cub,Cuba,Americas,2010,11297409.0,13.6919,78.5,1.67,6.37,3.024,296663.0,7.93,15.9,1003015.0
cub,Cuba,Americas,2015,11275065.0,16.4207,78.4,1.69,5.66,2.568,295955.0,8.16,37.3051,3335346.0
cub,Cuba,Americas,2020,11176354.0,15.3605,77.8,1.49,5.1,2.337,289400.0,6.0,71.11908,6661763.0
cyp,Cyprus,Europe & Central Asia,2000,947667.0,44.438,77.1,1.64,6.46,7.975,956.0,14.81,15.25539,218324.0
cyp,Cyprus,Europe & Central Asia,2005,1036151.0,53.2599,78.2,1.48,4.48,9.239,227.0,12.85,32.81,782503.0
cyp,Cyprus,Europe & Central Asia,2010,1127816.0,58.4331,79.3,1.43,3.37,7.6,486.0,10.29,52.99,1034071.0
cyp,Cyprus,Europe & Central Asia,2015,1219502.0,50.0659,80.1,1.32,2.89,5.619,273.0,7.94,71.71574,1111123.0
cyp,Cyprus,Europe & Central Asia,2020,1302247.0,58.7701,80.1,1.36,2.76,5.448,362.0,6.38,90.80195,1239960.0
cze,Czech Republic,Europe & Central Asia,2000,10236804.0,27.3352,75.0,1.15,5.46,11.701,493.0,11.94,9.78053,4346009.0
cze,Czech Republic,Europe & Central Asia,2005,10280153.0,31.2248,76.3,1.28,4.36,10.674,2305.0,9.96,35.27,11775878.0
cze,Czech Republic,Europe & Central Asia,2010,10464035.0,35.9922,77.6,1.51,3.38,11.471,6510.0,7.14,68.82,12934100.0
cze,Czech Republic,Europe & Central Asia,2015,10524416.0,37.9153,78.8,1.59,3.17,9.9,1106.0,6.24,75.66884,12454575.01
cze,Czech Republic,Europe & Central Asia,2020,10550129.0,45.3027,78.3,1.76,2.94,9.433,605.0,5.13,81.3389,12999812.0
dnk,Denmark,Europe & Central Asia,2000,5339658.0,59.5908,76.9,1.77,5.69,12.212,,9.14,39.17243,3363552.0
dnk,Denmark,Europe & Central Asia,2005,5419555.0,59.9153,78.1,1.8,4.98,12.233,12053.0,6.86,82.74,5449206.0
dnk,Denmark,Europe & Central Asia,2010,5547863.0,66.3214,79.3,1.86,4.1,11.192,3314.0,4.6,88.72,6420790.0
dnk,Denmark,Europe & Central Asia,2015,5683701.0,67.5605,80.8,1.71,4.11,8.622,10566.0,3.21,96.3305,7079249.0
dnk,Denmark,Europe & Central Asia,2020,5831530.0,73.0579,81.5,1.68,3.87,7.269,10659.0,2.57,96.54915,7252675.0
dji,Djibouti,Middle East & North Africa,2000,747318.0,5.238,63.0,4.6,100.95,0.511,246630.0,25.55,0.1945,230.0
dji,Djibouti,Middle East & North Africa,2005,839167.0,5.7905,63.8,4.04,88.67,0.529,264326.0,24.28,0.9536,44053.0
dji,Djibouti,Middle East & North Africa,2010,930251.0,6.4194,64.9,3.43,76.61,0.615,266027.0,25.03,6.5,165613.0
dji,Djibouti,Middle East & North Africa,2015,1020313.0,6.1193,66.4,3.04,65.83,0.665,293715.0,25.7,22.9,314350.0
dji,Djibouti,Middle East & North Africa,2020,1105188.0,6.6951,67.0,2.75,55.86,0.673,267373.0,25.6,59.9257,434035.0
dma,Dominica,Americas,2000,68511.0,12.8919,75.1,2.35,16.92,1.474,5259.0,14.47,8.81484,1200.0
dma,Dominica,Americas,2005,68734.0,14.5475,75.4,2.0,19.7,2.026,5093.0,13.43,38.5436,52000.0
dma,Dominica,Americas,2010,68859.0,17.54,75.5,1.89,24.55,2.432,4724.0,13.67,47.45,105567.0
dma,Dominica,Americas,2015,70410.0,16.9434,74.4,1.65,31.11,2.473,5672.0,13.91,65.0,77254.0
dma,Dominica,Americas,2020,67573.0,14.9393,75.3,1.5,34.46,2.358,5700.0,13.77,75.6567,74607.0
dom,Dominican Republic,Americas,2000,8584190.0,17.4121,74.0,2.87,39.98,1.427,718774.0,25.35,3.70469,705431.0
dom,Dominican Republic,Americas,2005,9225034.0,14.2388,74.7,2.57,36.39,3.557,970714.0,25.23,11.4832,3623289.0
dom,Dominican Republic,Americas,2010,9820175.0,15.2723,75.0,2.56,35.14,7.43,643526.0,26.49,31.4,8892783.0
dom,Dominican Republic,Americas,2015,10434829.0,18.2176,74.0,2.43,35.0,3.455,381599.0,29.15,54.21577,8797247.0
dom,Dominican Republic,Americas,2020,11008300.0,18.1432,72.0,2.33,33.74,2.847,179933.0,34.47,81.6173,8989587.0
ecu,Ecuador,Americas,2000,12689206.0,7.7467,71.8,3.1,29.53,1.544,4266957.0,30.64,1.46219,482213.0
ecu,Ecuador,Americas,2005,13846163.0,13.4291,73.3,2.8,23.45,2.37,2160679.0,29.96,5.9943,6246332.0
ecu,Ecuador,Americas,2010,15076695.0,15.876,75.8,2.62,18.98,2.619,1261071.0,31.4,29.03,14780730.0
ecu,Ecuador,Americas,2015,16266225.0,18.4136,78.5,2.21,15.37,2.907,834144.0,23.9,48.94043,12943791.0
ecu,Ecuador,Americas,2020,17546065.0,16.1642,73.7,1.97,12.93,2.306,1462710.0,19.94,70.7,15485366.0
egy,Egypt,Middle East & North Africa,2000,73083284.0,8.4099,67.4,3.51,31.85,1.905,1052497.0,12.54,0.64127,1359900.0
egy,Egypt,Middle East & North Africa,2005,81101004.0,7.7853,68.0,3.25,26.81,1.855,3914987.0,13.1,12.75,13629602.0
egy,Egypt,Middle East & North Africa,2010,89196072.0,8.6784,68.7,3.3,25.7,2.289,2189643.0,13.66,21.6,70661005.0
egy,Egypt,Middle East & North Africa,2015,99597342.0,9.6095,69.0,3.5,24.59,2.515,1560410.0,13.49,37.81938,94016152.0
egy,Egypt,Middle East & North Africa,2020,109315124.0,8.9934,69.1,2.85,18.43,2.236,2537825.0,11.76,71.9142,95357427.0
slv,El Salvador,Americas,2000,5943366.0,11.5506,71.9,3.08,33.19,1.385,1078550.0,31.18,1.1774,743628.0
slv,El Salvador,Americas,2005,6005578.0,10.8002,72.5,2.44,25.13,1.36,974040.0,28.95,4.2,2411753.0
slv,El Salvador,Americas,2010,6068249.0,10.624,73.5,2.24,19.38,1.289,735058.0,23.01,15.9,7700336.0
slv,El Salvador,Americas,2015,6183676.0,11.8882,70.7,2.07,15.47,1.374,348718.0,22.13,26.8026,9334132.0
slv,El Salvador,Americas,2020,6234673.0,14.11,71.3,1.82,12.96,1.349,331411.0,22.18,54.60137,9949000.0
gnq,Equatorial Guinea,Sub-Saharan Africa,2000,703279.0,6.9289,54.3,5.83,155.74,0.756,458015.0,53.63,0.13235,5000.0
gnq,Equatorial Guinea,Sub-Saharan Africa,2005,947367.0,17.9797,57.4,5.56,133.49,10.049,259655.0,52.77,1.1498,96900.0
gnq,Equatorial Guinea,Sub-Saharan Africa,2010,1189085.0,18.771,59.4,5.21,111.17,7.306,114423.0,54.98,6.0,399290.0
gnq,Equatorial Guinea,Sub-Saharan Africa,2015,1453923.0,15.4978,61.8,4.77,93.18,5.159,105657.0,48.55,21.32,533336.0
gnq,Equatorial Guinea,Sub-Saharan Africa,2020,1716468.0,9.5275,60.1,4.35,78.58,4.352,153327.0,50.83,55.0013,744081.0
eri,Eritrea,Sub-Saharan Africa,2000,2247031.0,2.5637,55.8,5.4,85.22,0.264,1252646.0,37.59,0.13671,
eri,Eritrea,Sub-Saharan Africa,2005,2661215.0,2.4517,58.8,4.93,67.47,0.27,1182892.0,37.26,,40438.0
eri,Eritrea,Sub-Saharan Africa,2010,2945186.0,2.2779,60.0,4.57,55.05,0.157,1065751.0,38.66,0.61,185275.0
eri,Eritrea,Sub-Saharan Africa,2015,3105546.0,2.7955,61.5,4.22,46.33,0.201,942062.0,40.88,1.0837,475000.0
eri,Eritrea,Sub-Saharan Africa,2020,3291271.0,3.3346,62.1,3.93,39.27,0.215,857051.0,42.82,14.3494,1801000.0
est,Estonia,Europe & Central Asia,2000,1396997.0,12.9465,70.9,1.35,10.94,14.463,44116.0,15.57,28.57695,557000.0
est,Estonia,Europe & Central Asia,2005,1354848.0,21.1735,72.7,1.52,7.16,14.208,16452.0,12.91,61.45,1445300.0
est,Estonia,Europe & Central Asia,2010,1331448.0,25.3988,75.5,1.72,4.59,12.898,15932.0,7.44,74.1,1652809.0
est,Estonia,Europe & Central Asia,2015,1314576.0,35.0295,77.6,1.58,3.06,13.659,9734.0,5.62,88.4097,1903545.0
est,Estonia,Europe & Central Asia,2020,1329669.0,45.9222,78.5,1.59,2.13,9.334,5722.0,3.95,89.05829,1925789.0
swz,Eswatini,Sub-Saharan Africa,2000,1041414.0,4.0384,50.0,4.03,112.19,1.185,666703.0,56.44,0.92619,33000.0
swz,Eswatini,Sub-Saharan Africa,2005,1079022.0,4.1662,40.4,3.7,119.36,1.0,645922.0,77.7,3.697,200000.0
swz,Eswatini,Sub-Saharan Africa,2010,1111650.0,4.5305,48.1,3.38,85.47,0.995,596794.0,63.05,11.04,725802.0
swz,Eswatini,Sub-Saharan Africa,2015,1142813.0,6.0814,56.1,3.12,57.16,0.89,531357.0,44.53,25.643,941000.0
swz,Eswatini,Sub-Saharan Africa,2020,1192729.0,6.5158,57.0,2.89,46.81,1.057,527861.0,43.83,49.013,1249351.0
eth,Ethiopia,Sub-Saharan Africa,2000,67411494.0,3.1534,49.7,6.65,140.68,0.056,41838973.0,32.34,0.01526,17757.0
eth,Ethiopia,Sub-Saharan Africa,2005,78367470.0,4.0276,55.9,6.19,108.87,0.052,31952869.0,28.16,0.21966,410630.0
eth,Ethiopia,Sub-Saharan Africa,2010,90538514.0,4.3056,60.5,5.28,82.03,0.056,34434570.0,30.69,0.75,6854000.0
eth,Ethiopia,Sub-Saharan Africa,2015,103867135.0,4.7581,63.2,4.53,62.36,0.111,34633912.0,31.54,13.85518,42311629.0
eth,Ethiopia,Sub-Saharan Africa,2020,118917671.0,4.2569,63.7,4.27,48.84,0.172,43766748.0,34.84,16.0696,44500000.0
fji,Fiji,East Asia & Pacific,2000,840909.0,10.2394,67.2,2.99,22.41,1.029,50483.0,10.95,1.49685,55057.0
fji,Fiji,East Asia & Pacific,2005,882379.0,11.2039,67.4,2.92,23.14,1.317,40959.0,11.12,8.45364,205000.0
fji,Fiji,East Asia & Pacific,2010,910419.0,11.7308,67.3,2.7,23.64,1.398,32444.0,10.23,20.0,697920.0
fji,Fiji,East Asia & Pacific,2015,918578.0,10.4459,67.8,2.57,24.37,2.455,27799.0,9.25,42.5,965950.0
fji,Fiji,East Asia & Pacific,2020,914963.0,7.073,68.0,2.36,27.51,2.385,70791.0,8.87,68.6256,991500.0
fin,Finland,Europe & Central Asia,2000,5176202.0,48.6267,77.9,1.73,4.28,15.182,,7.45,37.24846,3728625.0
fin,Finland,Europe & Central Asia,2005,5246082.0,55.8778,79.2,1.8,3.75,15.32,4179.0,6.38,74.48,5270000.0
fin,Finland,Europe & Central Asia,2010,5363350.0,61.6015,80.1,1.86,3.02,15.332,2738.0,4.44,86.89,8390000.0
fin,Finland,Europe & Central Asia,2015,5479717.0,62.1008,81.3,1.65,2.49,10.01,4025.0,3.53,86.42213,7396200.0
fin,Finland,Europe & Central Asia,2020,5529612.0,66.2401,81.9,1.37,2.12,8.634,1706.0,2.93,92.17027,7120000.0
fra,France,Europe & Central Asia,2000,59483717.0,55.4925,79.2,1.88,5.39,8.755,7935.0,13.04,14.30792,29052360.0
fra,France,Europe & Central Asia,2005,61625032.0,54.3938,80.5,1.92,4.62,9.055,29614.0,8.53,42.87,48088000.0
fra,France,Europe & Central Asia,2010,63417363.0,66.6015,81.5,2.02,4.21,8.021,59853.0,6.61,77.28,57785000.0
fra,France,Europe & Central Asia,2015,64916336.0,67.3277,82.4,1.93,4.16,6.607,92167.0,5.03,78.00604,66681000.0
fra,France,Europe & Central Asia,2020,65905277.0,65.7902,82.3,1.79,4.26,5.789,91117.0,3.63,84.7064,72751000.0
gab,Gabon,Sub-Saharan Africa,2000,1275572.0,10.4302,61.5,4.47,82.91,3.805,117687.0,31.07,1.21614,120000.0
gab,Gabon,Sub-Saharan Africa,2005,1463495.0,10.2514,63.1,4.21,73.6,3.496,143961.0,32.59,4.89326,736690.0
gab,Gabon,Sub-Saharan Africa,2010,1719879.0,11.818,64.7,4.15,61.66,2.94,110830.0,30.56,13.0,1610000.0
gab,Gabon,Sub-Saharan Africa,2015,2040989.0,13.624,65.9,3.92,50.3,2.693,92448.0,30.9,45.7845,2821555.0
gab,Gabon,Sub-Saharan Africa,2020,2322539.0,13.7767,65.4,3.83,41.9,2.532,115606.0,27.97,63.9179,3049530.0
gmb,Gambia,Sub-Saharan Africa,2000,1455084.0,3.046,62.8,5.72,113.36,0.209,861412.0,20.88,0.92179,5600.0
gmb,Gambia,Sub-Saharan Africa,2005,1667037.0,4.568,63.5,5.71,91.48,0.211,839000.0,20.24,3.799,247478.0
gmb,Gambia,Sub-Saharan Africa,2010,1926630.0,5.6226,65.8,5.56,73.62,0.241,652736.0,16.72,9.2,1478347.0
gmb,Gambia,Sub-Saharan Africa,2015,2224529.0,6.4856,67.2,5.0,59.8,0.251,430143.0,15.95,17.5995,2715672.0
gmb,Gambia,Sub-Saharan Africa,2020,2515733.0,6.4661,64.4,4.25,49.39,0.268,572257.0,19.99,36.011,2677954.0
geo,Georgia,Europe & Central Asia,2000,4328358.0,5.1156,69.5,1.61,36.56,1.426,1478642.0,8.86,0.48475,194741.0
geo,Georgia,Europe & Central Asia,2005,4026131.0,6.3029,71.5,1.58,23.63,2.204,917754.0,12.92,6.0795,1174308.0
geo,Georgia,Europe & Central Asia,2010,3895925.0,6.4966,71.7,1.97,14.18,2.079,912672.0,16.09,26.9,3978242.0
geo,Georgia,Europe & Central Asia,2015,3791573.0,8.3608,72.8,2.21,10.51,3.113,418969.0,19.89,47.56976,5550730.0
geo,Georgia,Europe & Central Asia,2020,3795678.0,7.7513,73.2,1.98,9.25,3.453,457554.0,15.1,72.53157,5100101.0
deu,Germany,Europe & Central Asia,2000,81797258.0,62.8761,78.3,1.39,5.36,13.204,120.0,9.46,30.21635,48202000.0
deu,Germany,Europe & Central Asia,2005,82046731.0,64.1839,79.4,1.34,4.73,12.851,292.0,6.59,68.71,79271000.0
deu,Germany,Europe & Central Asia,2010,80830924.0,65.7734,80.3,1.4,4.17,12.53,5266.0,4.69,82.0,88400000.0
deu,Germany,Europe & Central Asia,2015,82077550.0,69.149,80.8,1.5,3.93,10.829,2.0,3.96,87.5898,96360000.0
deu,Germany,Europe & Central Asia,2020,83628708.0,79.6348,81.0,1.53,3.66,9.184,82469.0,2.9,89.81294,107400000.0
gha,Ghana,Sub-Saharan Africa,2000,19637087.0,3.0753,58.6,4.83,99.74,0.403,12606441.0,18.72,0.15362,130045.0
gha,Ghana,Sub-Saharan Africa,2005,22449438.0,3.3877,60.6,4.5,83.01,0.484,13543659.0,18.93,1.8312,2874560.0
gha,Ghana,Sub-Saharan Africa,2010,25474995.0,4.3597,62.6,4.18,69.12,0.575,13144677.0,20.72,7.8,17436949.0
gha,Ghana,Sub-Saharan Africa,2015,28696068.0,5.0061,63.9,3.98,54.56,0.808,11611668.0,25.18,23.0,35008387.0
gha,Ghana,Sub-Saharan Africa,2020,31887809.0,5.7368,64.3,3.54,44.71,0.709,11476861.0,27.97,62.5176,40461609.0
grc,Greece,Europe & Central Asia,2000,10782635.0,34.0644,78.3,1.33,6.41,9.389,23871.0,16.79,9.13884,5932403.0
grc,Greece,Europe & Central Asia,2005,10981334.0,41.8965,79.4,1.36,4.58,8.36,48363.0,14.19,24.0,10260396.0
grc,Greece,Europe & Central Asia,2010,11124670.0,38.9108,80.3,1.49,3.93,8.306,61249.0,11.38,44.4,12292716.0
grc,Greece,Europe & Central Asia,2015,10820903.0,27.111,80.8,1.33,4.37,5.206,193058.0,8.69,66.83496,12566649.0
grc,Greece,Europe & Central Asia,2020,10699369.0,31.2614,81.2,1.39,4.09,5.025,122731.0,6.49,78.11584,11412995.0
grd,Grenada,Americas,2000,107451.0,14.653,73.1,2.44,15.47,1.854,3441.0,10.22,4.06391,4300.0
grd,Grenada,Americas,2005,109734.0,17.802,74.0,2.24,14.61,2.067,1894.0,9.44,20.4878,46858.0
grd,Grenada,Americas,2010,111586.0,16.6166,75.1,2.04,15.06,2.451,2269.0,8.39,27.0,121946.0
grd,Grenada,Americas,2015,114676.0,18.8335,75.5,1.72,16.22,2.375,1317.0,8.91,52.5,119767.0
grd,Grenada,Americas,2020,116341.0,18.2252,74.6,1.53,16.34,2.248,1829.0,5.75,65.6538,118760.0
gtm,Guatemala,Americas,2000,11697592.0,17.501,67.7,4.58,52.14,1.986,1101623.0,13.4,0.71233,856831.0
gtm,Guatemala,Americas,2005,13087629.0,17.9341,69.3,3.97,42.67,0.77,1448941.0,11.73,5.7,4510067.0
gtm,Guatemala,Americas,2010,14500112.0,15.8702,71.3,3.38,34.78,0.707,1505737.0,15.62,10.5,18067970.0
gtm,Guatemala,Americas,2015,15971743.0,13.8046,72.2,3.03,28.33,0.835,1441742.0,16.32,28.8059,18121390.0
gtm,Guatemala,Americas,2020,17357325.0,12.9817,71.2,2.47,23.67,1.228,1888729.0,15.45,47.5123,20390671.0
gin,Guinea,Sub-Saharan Africa,2000,8428832.0,4.6027,53.5,5.92,164.2,0.16,3961783.0,34.19,0.09542,42112.0
gin,Guinea,Sub-Saharan Africa,2005,9245844.0,4.4016,56.6,5.73,134.69,0.187,4383903.0,28.83,0.5423,189000.0
gin,Guinea,Sub-Saharan Africa,2010,10396086.0,5.2032,58.6,5.44,117.7,0.419,3993693.0,27.43,1.0,4000000.0
gin,Guinea,Sub-Saharan Africa,2015,11767070.0,6.1252,59.4,5.0,107.3,0.206,2174935.0,27.17,9.2,10764000.0
gin,Guinea,Sub-Saharan Africa,2020,13371183.0,6.8697,61.1,4.49,95.49,0.433,1477811.0,26.8,26.1455,14411000.0
gnb,Guinea-Bissau,Sub-Saharan Africa,2000,1234741.0,3.0912,53.6,5.79,173.78,0.122,797559.0,21.65,0.2301,
gnb,Guinea-Bissau,Sub-Saharan Africa,2005,1381585.0,2.8732,53.9,5.46,144.51,0.158,968911.0,20.11,1.9014,98825.0
gnb,Guinea-Bissau,Sub-Saharan Africa,2010,1566347.0,2.8752,57.6,5.11,114.5,0.157,1187579.0,18.98,2.45,677365.0
gnb,Guinea-Bissau,Sub-Saharan Africa,2015,1786457.0,3.8894,59.2,4.66,92.08,0.16,1111604.0,18.6,6.1,1238493.0
gnb,Guinea-Bissau,Sub-Saharan Africa,2020,2013255.0,4.4237,59.3,4.08,76.84,0.181,784326.0,17.94,20.4573,1913858.0
guy,Guyana,Americas,2000,764832.0,10.9223,66.4,3.06,46.4,2.156,85813.0,15.74,0.6,39830.0
guy,Guyana,Americas,2005,760914.0,11.447,66.7,2.65,41.38,1.926,81917.0,18.75,5.7,281368.0
guy,Guyana,Americas,2010,749256.0,14.6612,67.8,2.68,37.43,2.295,57255.0,16.93,29.9,560397.0
guy,Guyana,Americas,2015,758781.0,17.0152,68.6,2.67,33.09,2.614,43364.0,17.25,34.0,542598.0
guy,Guyana,Americas,2020,807481.0,27.1819,69.6,2.49,28.44,2.889,19505.0,16.26,62.954,856000.0
hti,Haiti,Americas,2000,8303151.0,3.0485,56.1,4.39,103.93,0.159,5969833.0,33.69,0.23127,55000.0
hti,Haiti,Americas,2005,9061273.0,4.4229,58.3,3.84,89.42,0.223,6583988.0,32.83,6.3762,500200.0
hti,Haiti,Americas,2010,9803294.0,7.1655,31.0,3.5,203.59,0.211,4083304.0,32.98,8.37,4000000.0
hti,Haiti,Americas,2015,10523242.0,9.0516,61.0,3.11,69.9,0.272,4126775.0,35.05,14.2,7300000.0
hti,Haiti,Americas,2020,11243848.0,8.5421,61.6,2.8,60.29,0.25,4722233.0,36.49,39.3881,7319000.0
hos,Holy See,Europe & Central Asia,2000,779.0,,,1.0,,,,,,
hos,Holy See,Europe & Central Asia,2005,,,,1.0,,,,,,
hos,Holy See,Europe & Central Asia,2010,,,,1.0,,,,,,
hos,Holy See,Europe & Central Asia,2015,,,,1.0,,,,,,
hos,Holy See,Europe & Central Asia,2020,,,,1.0,,,,,,
hnd,Honduras,Americas,2000,6577773.0,9.5616,72.2,4.29,37.0,0.59,1821080.0,20.36,1.20386,155271.0
hnd,Honduras,Americas,2005,7478355.0,10.184,73.3,3.58,29.21,0.704,2290466.0,19.29,6.5,1281462.0
hnd,Honduras,Americas,2010,8365878.0,12.1056,74.1,3.08,23.32,0.788,1723059.0,18.81,11.09,9505071.0
hnd,Honduras,Americas,2015,9237305.0,10.5275,72.9,2.75,19.24,0.871,1833042.0,22.5,27.13955,8048388.0
hnd,Honduras,Americas,2020,10119640.0,10.9607,72.6,2.58,16.27,0.803,2225830.0,22.79,45.2483,6960654.0
hun,Hungary,Europe & Central Asia,2000,10190600.0,13.3395,71.8,1.32,10.13,7.13,26004.0,12.18,6.99968,3076279.0
hun,Hungary,Europe & Central Asia,2005,10065706.0,39.9369,73.0,1.31,7.55,7.718,8330.0,12.4,38.97,9320000.0
hun,Hungary,Europe & Central Asia,2010,9979129.0,20.7031,74.6,1.26,6.01,7.186,17591.0,7.8,65.0,12011823.0
hun,Hungary,Europe & Central Asia,2015,9839211.0,22.6131,75.9,1.45,5.06,5.991,98950.0,6.4,72.83474,9900582.0
hun,Hungary,Europe & Central Asia,2020,9749457.0,30.6962,75.7,1.58,3.78,6.201,90868.0,5.57,84.77115,10332660.0
isl,Iceland,Europe & Central Asia,2000,281280.0,51.8067,79.8,2.07,4.06,10.471,72.0,7.22,44.47053,214896.0
isl,Iceland,Europe & Central Asia,2005,296834.0,57.4711,81.0,2.05,3.25,10.073,102.0,5.04,87.0,283108.0
isl,Iceland,Europe & Central Asia,2010,318158.0,54.0228,81.7,2.19,2.7,11.313,425.0,3.42,93.39,341077.0
isl,Iceland,Europe & Central Asia,2015,330952.0,63.4449,82.2,1.81,2.28,10.708,34.0,2.83,98.2,383919.0
isl,Iceland,Europe & Central Asia,2020,366614.0,60.7991,82.7,1.72,1.85,9.929,314.0,2.32,99.53275,421384.0
ind,India,South Asia,2000,1057922733.0,3.6511,63.6,3.35,91.65,0.85,495124720.0,18.54,0.52753,3577095.0
ind,India,South Asia,2005,1154676322.0,3.7939,66.2,2.96,74.44,0.944,515659808.0,17.31,2.3881,90140000.0
ind,India,South Asia,2010,1243481564.0,4.4024,67.6,2.6,58.15,1.265,395065511.0,19.35,7.5,752190000.0
ind,India,South Asia,2015,1328024498.0,5.2053,69.4,2.29,43.53,1.598,231910964.0,17.46,14.9,1001056000.0
ind,India,South Asia,2020,1402617695.0,6.0028,70.3,2.05,32.65,1.622,143286317.0,17.1,43.40544,1153709832.0
idn,Indonesia,East Asia & Pacific,2000,216077790.0,3.0098,69.1,2.5,52.21,1.096,139667810.0,14.63,0.92556,3669327.0
idn,Indonesia,East Asia & Pacific,2005,230871650.0,4.0097,69.7,2.45,41.69,1.429,93858243.0,16.22,3.60202,46909972.0
idn,Indonesia,East Asia & Pacific,2010,246305322.0,4.8653,70.2,2.46,33.83,1.835,82776772.0,18.5,10.92,211290235.0
idn,Indonesia,East Asia & Pacific,2015,261799249.0,6.2537,71.5,2.35,27.67,2.094,57223130.0,18.2,22.06274,338948340.0
idn,Indonesia,East Asia & Pacific,2020,274814866.0,7.701,71.4,2.19,23.0,2.284,28656466.0,18.38,53.72649,355620388.0
irn,Iran,Middle East & North Africa,2000,66418659.0,10.9331,72.7,2.0,36.22,4.459,8370250.0,43.69,0.93419,962595.0
irn,Iran,Middle East & North Africa,2005,71828455.0,14.8737,74.7,1.76,26.4,5.607,3639087.0,38.71,8.1,8510513.0
irn,Iran,Middle East & North Africa,2010,77420842.0,13.4519,76.4,1.75,19.33,6.466,3212925.0,30.81,15.9,54051764.0
irn,Iran,Middle East & North Africa,2015,82619362.0,11.7931,77.2,2.02,15.45,7.228,2832542.0,25.11,45.33498,74218815.0
irn,Iran,Middle East & North Africa,2020,87723443.0,10.7377,74.2,1.7,13.0,7.502,4295451.0,21.39,75.56987,127624951.0
irq,Iraq,Middle East & North Africa,2000,24424056.0,12.2541,67.5,4.92,44.46,3.055,108294.0,23.67,,
irq,Iraq,Middle East & North Africa,2005,28407448.0,11.0236,66.2,4.45,40.02,4.2,243687.0,22.94,0.9,1533000.0
irq,Iraq,Middle East & North Africa,2010,31045366.0,12.0703,68.4,4.46,34.93,3.735,225102.0,21.43,2.5,23264408.0
irq,Iraq,Middle East & North Africa,2015,37560535.0,12.477,68.2,4.08,29.71,4.66,229644.0,21.27,15.2144,33559000.0
irq,Iraq,Middle East & North Africa,2020,42116605.0,12.7753,67.5,3.42,25.11,5.402,286265.0,19.56,53.6778,37475325.0
irl,Ireland,Europe & Central Asia,2000,3802585.0,39.4804,76.7,1.89,7.14,14.345,2753.0,10.14,17.85047,2461000.0
irl,Ireland,Europe & Central Asia,2005,4155284.0,48.6239,79.0,1.87,5.19,17.523,2722.0,6.87,41.61,4270000.0
irl,Ireland,Europe & Central Asia,2010,4559080.0,44.9844,80.6,2.06,4.17,11.001,37226.0,4.51,69.85,4701474.0
irl,Ireland,Europe & Central Asia,2015,4702487.0,47.6405,81.5,1.86,3.7,9.896,21249.0,2.86,83.49479,4902009.0
irl,Ireland,Europe & Central Asia,2020,4982606.0,59.4242,82.2,1.65,3.07,8.767,7039.0,2.13,91.99989,5234009.0
isr,Israel,Middle East & North Africa,2000,6111190.0,29.7894,79.1,2.92,6.89,11.159,22252.0,10.62,20.87379,4400000.0
isr,Israel,Middle East & North Africa,2005,6728206.0,31.0677,80.5,2.79,5.58,10.94,57547.0,8.35,25.194,7757000.0
isr,Israel,Middle East & North Africa,2010,7336735.0,34.9423,82.0,3.03,4.55,11.625,45778.0,5.82,67.5,9111000.0
isr,Israel,Middle East & North Africa,2015,8052908.0,40.111,82.7,3.09,3.91,10.016,40535.0,4.92,77.35209,10570000.0
isr,Israel,Middle East & North Africa,2020,8800376.0,42.2146,83.0,2.94,3.54,8.373,58687.0,4.12,90.12734,12270000.0
ita,Italy,Europe & Central Asia,2000,57272196.0,44.4202,79.6,1.25,5.57,9.942,311950.0,13.22,23.11087,42246000.0
ita,Italy,Europe & Central Asia,2005,58519693.0,55.2555,80.8,1.33,4.47,10.533,234753.0,10.31,35.0,71500000.0
ita,Italy,Europe & Central Asia,2010,60164213.0,55.4391,81.9,1.44,3.96,10.023,437727.0,7.39,53.68,93666088.0
ita,Italy,Europe & Central Asia,2015,60575316.0,52.6179,82.4,1.34,3.48,7.522,665830.0,5.69,58.14173,87691238.0
ita,Italy,Europe & Central Asia,2020,59912769.0,57.0096,82.0,1.24,2.96,6.499,244157.0,4.68,70.48343,77581048.0
jam,Jamaica,Americas,2000,2607826.0,13.3894,74.4,2.35,22.22,2.52,189002.0,5.08,3.11578,366952.0
jam,Jamaica,Americas,2005,2687066.0,14.401,76.9,2.15,19.9,2.59,135411.0,4.53,12.8,1981464.0
jam,Jamaica,Americas,2010,2748568.0,15.5927,77.3,1.8,18.0,2.026,106639.0,4.28,27.67,3181995.0
jam,Jamaica,Americas,2015,2802534.0,16.8829,75.4,1.51,15.52,2.297,51312.0,5.5,42.22122,3137213.0
jam,Jamaica,Americas,2020,2830739.0,18.5213,74.5,1.38,13.2,2.23,45643.0,7.06,76.384,2873259.0
jpn,Japan,East Asia & Pacific,2000,127027789.0,46.3461,81.3,1.35,4.5,12.132,1475865.0,7.96,29.99074,66784374.0
jpn,Japan,East Asia & Pacific,2005,127913330.0,48.3485,82.2,1.25,3.74,12.015,1408087.0,5.64,66.92107,96484000.0
jpn,Japan,East Asia & Pacific,2010,128185275.0,48.2463,83.1,1.36,3.21,11.255,652839.0,3.82,78.21,123287125.0
jpn,Japan,East Asia & Pacific,2015,127275872.0,47.2596,84.1,1.42,2.75,10.641,387730.0,2.86,91.05803,160559734.0
jpn,Japan,East Asia & Pacific,2020,126304543.0,48.1082,84.8,1.3,2.24,9.427,1315670.0,2.04,90.21946,195054893.0
jor,Jordan,Middle East & North Africa,2000,5386945.0,13.1875,71.7,3.86,26.8,3.414,62138.0,22.62,2.62328,388949.0
jor,Jordan,Middle East & North Africa,2005,6029587.0,15.0894,72.8,3.65,23.21,4.243,30372.0,19.47,12.9329,3137700.0
jor,Jordan,Middle East & North Africa,2010,7297043.0,17.3276,74.9,3.78,20.07,3.863,11741.0,16.85,27.2,6620000.0
jor,Jordan,Middle East & North Africa,2015,9544729.0,15.1575,76.6,3.14,17.46,3.737,26906.0,13.35,54.22,13797968.0
jor,Jordan,Middle East & North Africa,2020,10865228.0,14.2731,75.3,2.79,15.01,2.653,38903.0,12.3,78.4178,6987891.0
kaz,Kazakhstan,Europe & Central Asia,2000,15501103.0,6.5234,65.8,1.9,42.5,6.871,3451987.0,15.07,0.66859,197300.0
kaz,Kazakhstan,Europe & Central Asia,2005,15968117.0,8.349,65.7,2.27,31.02,8.885,2447048.0,24.47,2.9617,5398000.0
kaz,Kazakhstan,Europe & Central Asia,2010,16836810.0,11.2858,68.7,2.61,20.37,8.21,116683.0,20.36,31.6,19402600.0
kaz,Kazakhstan,Europe & Central Asia,2015,18084169.0,13.2801,71.9,2.76,11.87,11.622,24365.0,15.31,70.82993,26309300.0
kaz,Kazakhstan,Europe & Central Asia,2020,19482117.0,14.3951,71.7,3.13,10.02,9.721,12003.0,13.58,85.9426,24293900.0
ken,Kenya,Sub-Saharan Africa,2000,30642890.0,5.6957,57.2,5.14,98.46,0.395,11695886.0,26.52,0.31806,127404.0
ken,Kenya,Sub-Saharan Africa,2005,35796484.0,5.0156,59.7,4.8,76.28,0.319,15613214.0,26.3,3.1019,4611970.0
ken,Kenya,Sub-Saharan Africa,2010,41598567.0,5.0746,64.4,4.45,57.42,0.402,17235186.0,29.2,7.2,24968891.0
ken,Kenya,Sub-Saharan Africa,2015,47088526.0,5.1342,67.0,3.77,48.91,0.577,18131773.0,29.52,16.58785,37715944.0
ken,Kenya,Sub-Saharan Africa,2020,52217334.0,4.238,66.6,3.36,42.18,0.515,23151384.0,32.82,24.7228,61408904.0
kir,Kiribati,East Asia & Pacific,2000,88613.0,6.7415,66.9,4.07,68.13,0.391,16864.0,7.14,1.78523,300.0
kir,Kiribati,East Asia & Pacific,2005,98035.0,5.9517,68.0,3.76,64.66,0.636,23073.0,7.26,4.0,650.0
kir,Kiribati,East Asia & Pacific,2010,108704.0,6.3626,68.9,3.9,64.41,0.57,22550.0,7.92,9.07,10595.0
kir,Kiribati,East Asia & Pacific,2015,116815.0,6.6598,70.1,3.44,57.64,0.562,12825.0,7.94,14.9,41000.0
kir,Kiribati,East Asia & Pacific,2020,126099.0,6.6885,70.5,3.25,49.47,0.596,8621.0,7.56,52.9509,54661.0
kwt,Kuwait,Middle East & North Africa,2000,1954709.0,56.5582,75.3,2.89,12.41,16.951,882.0,25.31,6.7314,476000.0
kwt,Kuwait,Middle East & North Africa,2005,2236788.0,75.8871,76.5,2.73,11.4,29.206,491.0,22.44,25.9261,1382084.0
kwt,Kuwait,Middle East & North Africa,2010,2943372.0,60.7831,78.0,2.04,10.36,26.366,1047.0,17.13,61.4,3979145.0
kwt,Kuwait,Middle East & North Africa,2015,3834454.0,55.7696,79.6,2.03,8.76,24.385,1492.0,13.39,82.0,7664743.0
kwt,Kuwait,Middle East & North Africa,2020,4400144.0,47.6683,78.6,2.1,8.85,22.11,2569.0,10.2,99.10587,6770346.0
kgz,Kyrgyz Republic,Europe & Central Asia,2000,5025145.0,2.9351,67.0,2.58,49.82,1.242,3280629.0,13.18,1.0414,9000.0
kgz,Kyrgyz Republic,Europe & Central Asia,2005,5246332.0,4.4676,67.4,2.65,39.24,1.416,1885741.0,20.24,10.5338,541652.0
kgz,Kyrgyz Republic,Europe & Central Asia,2010,5491761.0,6.087,69.4,3.1,29.54,2.047,672868.0,19.85,16.3,5275477.0
kgz,Kyrgyz Republic,Europe & Central Asia,2015,6001882.0,5.9377,71.8,3.21,22.31,2.741,684079.0,17.47,30.247,7579439.0
kgz,Kyrgyz Republic,Europe & Central Asia,2020,6664140.0,6.2824,71.6,3.05,17.54,2.573,688102.0,11.16,72.0,7315900.0
lao,Lao,East Asia & Pacific,2000,5431212.0,3.7725,56.9,4.43,107.2,0.436,2774390.0,21.27,0.11104,12681.0
lao,Lao,East Asia & Pacific,2005,5869523.0,4.4467,61.1,3.69,86.84,0.393,2364216.0,20.78,0.8504,657528.0
lao,Lao,East Asia & Pacific,2010,6334194.0,5.4279,63.9,3.14,68.27,0.355,1736331.0,22.7,7.0,4003395.0
lao,Lao,East Asia & Pacific,2015,6801645.0,6.5644,65.4,2.8,53.81,1.055,1303267.0,22.73,18.2,3727162.0
lao,Lao,East Asia & Pacific,2020,7346533.0,7.4114,66.2,2.54,44.04,3.024,1202401.0,23.29,54.0,4636690.0
lva,Latvia,Europe & Central Asia,2000,2368313.0,13.0817,70.3,1.24,14.21,6.114,63505.0,23.25,6.31906,401272.0
lva,Latvia,Europe & Central Asia,2005,2239784.0,17.5986,70.9,1.39,10.48,5.975,67481.0,18.52,46.0,1871602.0
lva,Latvia,Europe & Central Asia,2010,2097831.0,20.5971,73.3,1.37,7.8,6.319,47192.0,10.21,68.42,2306100.0
lva,Latvia,Europe & Central Asia,2015,1977867.0,28.1821,75.1,1.71,5.03,5.992,21654.0,8.87,79.20058,2590000.0
lva,Latvia,Europe & Central Asia,2020,1901123.0,39.1322,75.8,1.55,4.11,7.308,10767.0,6.84,88.89796,2051359.0
lbn,Lebanon,Middle East & North Africa,2000,4329340.0,16.4215,79.3,2.6,19.89,4.028,9860.0,10.67,7.95274,743000.0
lbn,Lebanon,Middle East & North Africa,2005,4671102.0,18.9273,80.6,2.29,14.05,3.547,7710.0,9.65,10.14,993557.0
lbn,Lebanon,Middle East & North Africa,2010,5041288.0,25.2391,80.4,2.26,10.19,4.041,1538.0,9.67,43.68,2863664.0
lbn,Lebanon,Middle East & North Africa,2015,6472469.0,17.9976,79.0,2.38,8.28,3.692,18502.0,10.69,74.0,4657651.0
lbn,Lebanon,Middle East & North Africa,2020,5702398.0,11.8254,72.9,2.31,6.98,3.592,57463.0,13.1,82.0665,4288221.0
lso,Lesotho,Sub-Saharan Africa,2000,2003913.0,2.9546,47.9,3.61,106.92,0.911,1358260.0,44.45,0.21181,21600.0
lso,Lesotho,Sub-Saharan Africa,2005,1953076.0,2.9003,42.7,3.43,116.09,1.009,1265466.0,53.1,2.5802,249786.0
lso,Lesotho,Sub-Saharan Africa,2010,1996251.0,3.6796,53.3,3.25,96.42,1.141,1002311.0,41.01,3.86,987448.0
lso,Lesotho,Sub-Saharan Africa,2015,2104611.0,4.6684,51.7,3.22,94.61,1.14,945670.0,41.46,25.0,2140141.0
lso,Lesotho,Sub-Saharan Africa,2020,2235727.0,4.4191,56.3,2.85,89.5,1.263,1030234.0,34.33,43.6575,1562648.0
lbr,Liberia,Sub-Saharan Africa,2000,2928117.0,4.0265,51.7,5.88,189.67,0.148,1425485.0,24.42,0.0177,1500.0
lbr,Liberia,Sub-Saharan Africa,2005,3301015.0,2.9721,56.0,5.52,129.59,0.204,2105529.0,21.48,0.5514,160000.0
lbr,Liberia,Sub-Saharan Africa,2010,4058890.0,3.8019,57.9,5.06,99.82,0.196,1978803.0,22.81,2.3,1571308.0
lbr,Liberia,Sub-Saharan Africa,2015,4659431.0,4.8371,57.7,4.52,88.25,0.27,1526736.0,24.08,10.0,3652000.0
lbr,Liberia,Sub-Saharan Africa,2020,5149463.0,4.3995,58.2,4.17,78.11,0.324,2019110.0,28.09,22.9107,1653000.0
lby,Libya,Middle East & North Africa,2000,5305021.0,18.0405,73.0,2.91,28.1,8.741,133395.0,28.54,0.18704,40000.0
lby,Libya,Middle East & North Africa,2005,5858798.0,22.039,73.3,2.77,23.13,8.923,106901.0,26.59,3.9178,2000000.0
lby,Libya,Middle East & North Africa,2010,6497839.0,22.428,74.0,2.6,16.59,9.87,97888.0,21.65,14.0,10900000.0
lby,Libya,Middle East & North Africa,2015,6531819.0,12.9533,72.9,2.71,13.27,8.794,183019.0,18.75,25.0,9747080.0
lby,Libya,Middle East & North Africa,2020,7045399.0,10.5989,72.2,2.51,10.85,8.101,221291.0,17.71,74.3581,11624000.0
lie,Liechtenstein,Europe & Central Asia,2000,33113.0,,78.6,1.57,14.33,6.54,73.0,,36.51523,10000.0
lie,Liechtenstein,Europe & Central Asia,2005,34691.0,,81.1,1.49,9.08,6.601,49.0,,63.3714,27503.0
lie,Liechtenstein,Europe & Central Asia,2010,35999.0,,82.1,1.44,7.87,5.305,44.0,,80.0,35500.0
lie,Liechtenstein,Europe & Central Asia,2015,37400.0,,82.8,1.43,7.17,4.246,40.0,,96.6412,40950.0
lie,Liechtenstein,Europe & Central Asia,2020,38767.0,,82.0,1.46,5.95,3.708,40.0,,94.35,48887.0
ltu,Lithuania,Europe & Central Asia,2000,3500402.0,12.7285,71.9,1.38,10.72,5.587,48707.0,19.71,6.42707,524000.0
ltu,Lithuania,Europe & Central Asia,2005,3322263.0,18.2206,71.1,1.29,9.03,6.359,94341.0,22.35,36.22,4353447.0
ltu,Lithuania,Europe & Central Asia,2010,3097720.0,21.4925,72.9,1.5,6.04,6.565,46349.0,11.97,62.12,4890979.0
ltu,Lithuania,Europe & Central Asia,2015,2905764.0,31.7925,74.7,1.71,4.93,6.917,18348.0,9.15,71.37806,4184053.0
ltu,Lithuania,Europe & Central Asia,2020,2795765.0,48.7067,75.2,1.49,2.9,7.158,10711.0,6.76,83.05555,3671995.0
lux,Luxembourg,Europe & Central Asia,2000,436132.0,76.7079,78.1,1.76,4.52,19.119,,11.98,22.88733,303274.0
lux,Luxembourg,Europe & Central Asia,2005,465363.0,86.8429,79.6,1.63,3.36,30.85,198.0,8.14,70.0,510000.0
lux,Luxembourg,Europe & Central Asia,2010,507410.0,84.7565,80.9,1.62,2.83,21.163,98.0,5.4,90.62,727000.0
lux,Luxembourg,Europe & Central Asia,2015,569536.0,79.5255,82.1,1.46,2.77,19.213,1738.0,4.07,96.37671,806800.0
lux,Luxembourg,Europe & Central Asia,2020,630597.0,100.8472,82.5,1.36,2.91,12.574,,2.88,98.45963,838120.0
mdg,Madagascar,Sub-Saharan Africa,2000,16516338.0,2.2273,57.1,5.67,105.37,0.161,11522558.0,38.7,0.19639,63094.0
mdg,Madagascar,Sub-Saharan Africa,2005,19159707.0,2.0947,59.7,5.2,84.81,0.155,10357912.0,34.3,0.5677,510269.0
mdg,Madagascar,Sub-Saharan Africa,2010,22183340.0,1.8229,60.7,4.9,69.32,0.148,14295636.0,36.75,1.7,7711721.0
mdg,Madagascar,Sub-Saharan Africa,2015,25426702.0,1.7232,61.4,4.34,59.01,0.195,16850775.0,40.36,4.174,10693765.0
mdg,Madagascar,Sub-Saharan Africa,2020,28953556.0,1.6366,61.6,4.17,50.26,0.192,19875141.0,44.43,11.3547,15869000.0
mwi,Malawi,Sub-Saharan Africa,2000,11315942.0,4.1979,44.9,6.0,174.59,0.073,7535336.0,40.41,0.12678,49000.0
mwi,Malawi,Sub-Saharan Africa,2005,12840031.0,2.7584,49.2,5.85,110.54,0.065,9405164.0,37.96,0.3845,421163.0
mwi,Malawi,Sub-Saharan Africa,2010,14826463.0,2.8481,57.3,5.26,84.18,0.065,10695317.0,37.72,2.26,3117364.0
mwi,Malawi,Sub-Saharan Africa,2015,17085587.0,3.0818,60.7,4.38,53.3,0.057,11964341.0,41.02,6.0,6566707.0
mwi,Malawi,Sub-Saharan Africa,2020,19533888.0,2.5441,61.2,3.88,38.98,0.127,14544943.0,46.46,13.8995,10004680.0
mys,Malaysia,East Asia & Pacific,2000,22967816.0,19.7402,72.7,2.94,10.19,4.941,904078.0,27.42,21.38473,5121748.0
mys,Malaysia,East Asia & Pacific,2005,25836071.0,20.0947,74.2,2.39,8.21,5.46,613379.0,24.15,48.62917,19545000.0
mys,Malaysia,East Asia & Pacific,2010,28655776.0,24.7365,74.9,2.14,8.06,6.407,306613.0,23.61,56.3,33858700.0
mys,Malaysia,East Asia & Pacific,2015,31232798.0,33.5524,75.2,2.01,8.05,7.292,41578.0,21.64,71.06407,44104000.0
mys,Malaysia,East Asia & Pacific,2020,33889558.0,38.9475,76.6,1.68,8.62,7.281,17540.0,16.49,89.55501,43723600.0
mdv,Maldives,South Asia,2000,282019.0,6.7208,71.1,2.69,38.96,1.614,62464.0,4.74,2.20387,7638.0
mdv,Maldives,South Asia,2005,306429.0,7.3296,73.2,2.2,21.46,1.882,61090.0,4.82,6.86961,203620.0
mdv,Maldives,South Asia,2010,360792.0,9.2784,74.7,2.35,13.85,2.557,35985.0,4.91,26.53,494351.0
mdv,Maldives,South Asia,2015,428154.0,16.4485,75.7,2.0,9.79,2.862,4054.0,4.33,54.462,739790.0
mdv,Maldives,South Asia,2020,502118.0,11.5523,76.0,1.61,6.46,3.03,,4.05,79.0978,717708.0
mli,Mali,Sub-Saharan Africa,2000,11559290.0,2.6099,53.1,6.89,187.42,0.076,9086682.0,38.85,0.14255,10398.0
mli,Mali,Sub-Saharan Africa,2005,13538647.0,3.1225,58.2,6.71,156.37,0.072,8792918.0,33.47,0.5071,761986.0
mli,Mali,Sub-Saharan Africa,2010,15945198.0,3.2282,60.8,6.58,130.28,0.131,9706009.0,34.51,2.0,7440383.0
mli,Mali,Sub-Saharan Africa,2015,18593022.0,4.4518,61.7,6.39,108.31,0.178,9217129.0,31.88,10.33,22698915.0
mli,Mali,Sub-Saharan Africa,2020,21713836.0,4.9763,61.3,5.85,91.05,0.187,7120380.0,32.41,29.113,25315598.0
mlt,Malta,Europe & Central Asia,2000,399895.0,34.3722,78.3,1.67,7.79,11.459,1890.0,5.31,13.11371,114444.0
mlt,Malta,Europe & Central Asia,2005,413320.0,36.6396,79.5,1.38,6.95,7.969,1798.0,4.37,41.24,323980.0
mlt,Malta,Europe & Central Asia,2010,422651.0,41.5475,80.9,1.38,6.67,14.004,980.0,3.15,63.0,455579.0
mlt,Malta,Europe & Central Asia,2015,444981.0,49.235,82.0,1.38,6.57,18.345,289.0,2.37,75.96002,524161.0
mlt,Malta,Europe & Central Asia,2020,518207.0,61.4934,82.2,1.13,3.58,16.522,1870.0,1.83,86.85876,633123.0
mhl,Marshall Islands,East Asia & Pacific,2000,50706.0,7.584,62.0,4.7,42.0,1.951,3972.0,21.1,1.53427,447.0
mhl,Marshall Islands,East Asia & Pacific,2005,51906.0,8.1323,62.8,4.28,41.02,2.057,3428.0,19.72,3.8787,660.0
mhl,Marshall Islands,East Asia & Pacific,2010,52044.0,8.5206,63.1,3.67,38.99,2.407,3199.0,17.92,7.0,
mhl,Marshall Islands,East Asia & Pacific,2015,48800.0,9.3204,63.5,3.13,35.4,2.49,2473.0,16.92,19.2824,15500.0
mhl,Marshall Islands,East Asia & Pacific,2020,42706.0,12.8071,63.7,2.99,30.69,2.559,1088.0,17.35,56.4191,16000.0
mrt,Mauritania,Sub-Saharan Africa,2000,2613441.0,5.6002,63.7,5.46,112.47,0.424,811783.0,17.93,0.19203,15300.0
mrt,Mauritania,Sub-Saharan Africa,2005,2939059.0,5.976,64.6,5.38,108.06,0.475,759000.0,16.92,0.67,745615.0
mrt,Mauritania,Sub-Saharan Africa,2010,3390965.0,6.8198,66.0,5.38,95.6,0.561,618569.0,15.64,4.0,2776050.0
mrt,Mauritania,Sub-Saharan Africa,2015,3965959.0,7.2342,67.4,5.21,82.68,0.609,453560.0,14.05,17.6,3644483.0
mrt,Mauritania,Sub-Saharan Africa,2020,4600131.0,6.9742,66.1,4.91,70.81,0.605,526037.0,14.72,29.9065,5808909.0
mus,Mauritius,Sub-Saharan Africa,2000,1216629.0,12.1841,72.0,1.98,18.78,4.072,32842.0,14.24,7.28154,180000.0
mus,Mauritius,Sub-Saharan Africa,2005,1257215.0,13.4581,72.8,1.82,15.64,3.554,19184.0,12.25,15.1722,656828.0
mus,Mauritius,Sub-Saharan Africa,2010,1282709.0,15.2051,74.0,1.5,14.49,3.829,14965.0,13.22,28.33,1190900.0
mus,Mauritius,Sub-Saharan Africa,2015,1292275.0,16.8364,74.8,1.32,14.48,3.962,11637.0,12.43,50.13932,1762300.0
mus,Mauritius,Sub-Saharan Africa,2020,1283223.0,16.0089,74.6,1.39,16.51,4.472,12130.0,11.6,67.73291,1912900.0
mex,Mexico,Americas,2000,98625552.0,12.5906,74.5,2.71,28.38,4.492,16550152.0,19.93,5.08138,14077880.0
mex,Mexico,Americas,2005,105811504.0,13.7076,75.3,2.5,22.95,4.631,13178173.0,19.22,17.21,47128746.0
mex,Mexico,Americas,2010,113623895.0,13.7151,75.4,2.34,19.2,4.429,10244809.0,18.64,31.05,91383493.0
mex,Mexico,Americas,2015,121072306.0,14.9333,76.2,2.14,16.21,4.467,7353362.0,15.14,57.43104,107688282.0
mex,Mexico,Americas,2020,126799054.0,15.4173,71.4,1.99,13.67,3.413,5891874.0,12.67,71.49017,122898392.0
fsm,"Micronesia, Fed. Sts.",East Asia & Pacific,2000,112044.0,8.5817,63.3,4.22,37.76,1.161,18064.0,14.3,3.73486,
fsm,"Micronesia, Fed. Sts.",East Asia & Pacific,2005,111412.0,8.8192,64.7,3.6,34.69,1.14,18240.0,13.25,11.8814,14094.0
fsm,"Micronesia, Fed. Sts.",East Asia & Pacific,2010,107540.0,7.0282,65.5,3.27,33.11,0.998,23463.0,11.93,20.0,27518.0
fsm,"Micronesia, Fed. Sts.",East Asia & Pacific,2015,108716.0,6.2345,66.1,3.05,28.89,1.313,26684.0,11.13,31.5011,22505.0
fsm,"Micronesia, Fed. Sts.",East Asia & Pacific,2020,110916.0,6.3358,66.3,2.85,24.64,1.327,27556.0,10.09,39.3833,22000.0
mda,Moldova,Europe & Central Asia,2000,4234967.0,4.3678,68.9,1.5,31.51,0.851,1744017.0,14.5,1.28285,139000.0
mda,Moldova,Europe & Central Asia,2005,3988669.0,6.7926,69.2,1.53,20.05,1.188,699203.0,15.01,14.63027,1089800.0
mda,Moldova,Europe & Central Asia,2010,3631992.0,12.9861,70.5,1.7,17.15,1.183,35315.0,12.73,29.68,2550592.0
mda,Moldova,Europe & Central Asia,2015,3287164.0,14.0124,72.4,1.87,15.76,1.176,2759.0,10.27,69.0,3713137.0
mda,Moldova,Europe & Central Asia,2020,3069131.0,14.3863,73.1,1.77,14.5,1.193,567.0,7.14,74.1183,3420383.0
mco,Monaco,Europe & Central Asia,2000,32455.0,368.7642,76.9,2.08,5.1,,,6.84,42.18486,13927.0
mco,Monaco,Europe & Central Asia,2005,32210.0,430.8192,77.4,2.01,4.5,,,6.15,55.4648,17191.0
mco,Monaco,Europe & Central Asia,2010,33163.0,491.4568,78.3,2.39,4.0,,,5.93,75.0,23414.0
mco,Monaco,Europe & Central Asia,2015,36757.0,533.4992,79.3,2.5,3.53,,,5.47,93.3633,34020.0
mco,Monaco,Europe & Central Asia,2020,38050.0,513.5429,79.6,2.38,3.02,,,5.16,98.5708,35485.0
mng,Mongolia,East Asia & Pacific,2000,2455182.0,4.8987,63.9,2.26,63.45,2.861,861967.0,20.02,1.25565,154600.0
mng,Mongolia,East Asia & Pacific,2005,2563461.0,8.2424,65.7,1.99,40.94,3.39,265662.0,23.58,9.0,557207.0
mng,Mongolia,East Asia & Pacific,2010,2701732.0,9.8877,66.9,2.52,26.29,5.402,104904.0,23.15,10.2,2510470.0
mng,Mongolia,East Asia & Pacific,2015,2976526.0,11.8764,69.5,3.01,19.43,7.838,47573.0,18.74,22.5,3068156.0
mng,Mongolia,East Asia & Pacific,2020,3290785.0,12.8305,72.6,2.95,15.35,13.043,45789.0,13.59,62.50003,4363919.0
mne,Montenegro,Europe & Central Asia,2000,634193.0,13.2279,73.3,1.9,14.18,2.479,3544.0,9.14,,
mne,Montenegro,Europe & Central Asia,2005,634050.0,15.9069,73.9,1.7,10.54,2.844,2602.0,9.16,27.1,543220.0
mne,Montenegro,Europe & Central Asia,2010,632088.0,18.8886,75.1,1.73,7.5,3.883,408.0,8.41,37.5,1170000.0
mne,Montenegro,Europe & Central Asia,2015,628145.0,17.7007,76.0,1.76,3.98,3.574,26260.0,6.83,68.11979,1007890.0
mne,Montenegro,Europe & Central Asia,2020,607935.0,19.0803,75.2,1.83,2.37,3.017,16061.0,5.86,77.60879,1080089.0
mar,Morocco,Middle East & North Africa,2000,28423435.0,7.4824,68.3,2.77,52.32,1.325,5174884.0,37.04,0.69379,2342000.0
mar,Morocco,Middle East & North Africa,2005,30358144.0,8.7599,69.5,2.61,41.53,1.534,3755360.0,34.14,15.08444,12392805.0
mar,Morocco,Middle East & North Africa,2010,32467016.0,10.4014,70.9,2.63,31.19,1.787,2125255.0,31.02,52.0,31982279.0
mar,Morocco,Middle East & North Africa,2015,34607588.0,12.0853,72.0,2.41,23.51,1.782,1328281.0,25.16,57.08,43079696.0
mar,Morocco,Middle East & North Africa,2020,36584208.0,11.8727,71.6,2.32,18.77,1.793,1407544.0,26.43,84.12036,49421023.0
moz,Mozambique,Sub-Saharan Africa,2000,18129653.0,1.8702,54.0,5.83,170.42,0.256,15701358.0,25.48,0.10959,51065.0
moz,Mozambique,Sub-Saharan Africa,2005,20304569.0,2.1234,55.5,5.5,132.04,0.284,17168248.0,23.08,0.8544,1503943.0
moz,Mozambique,Sub-Saharan Africa,2010,22999235.0,2.5716,60.0,5.66,104.9,0.371,18011876.0,21.06,4.17,7224176.0
moz,Mozambique,Sub-Saharan Africa,2015,26547572.0,2.9518,62.1,5.25,83.95,0.571,19483899.0,19.02,6.5,20134932.0
moz,Mozambique,Sub-Saharan Africa,2020,30783688.0,2.2036,62.8,4.96,70.44,0.418,24856746.0,19.9,14.2874,15463226.0
mmr,Myanmar,East Asia & Pacific,2000,45290841.0,1.7766,58.8,2.81,89.58,0.215,35674342.0,24.37,,13397.0
mmr,Myanmar,East Asia & Pacific,2005,47438365.0,2.9586,61.0,2.52,77.17,0.236,26600160.0,22.69,0.0652,128700.0
mmr,Myanmar,East Asia & Pacific,2010,49024382.0,4.6734,63.4,2.34,63.66,0.259,16139925.0,20.44,0.25,594000.0
mmr,Myanmar,East Asia & Pacific,2015,51089056.0,6.3779,65.1,2.27,52.19,0.421,9675873.0,19.96,10.9,40993717.0
mmr,Myanmar,East Asia & Pacific,2020,53016522.0,6.5964,65.8,2.18,43.61,0.503,6176990.0,18.85,45.4477,78548329.0
nam,Namibia,Sub-Saharan Africa,2000,1818647.0,7.5545,55.0,3.99,75.84,0.861,910041.0,48.97,1.64474,82000.0
nam,Namibia,Sub-Saharan Africa,2005,1966582.0,8.1522,55.7,3.57,70.57,1.144,906691.0,44.09,4.01,448857.0
nam,Namibia,Sub-Saharan Africa,2010,2109811.0,9.3587,62.2,3.66,49.11,3.561,814822.0,45.25,11.6,1950072.0
nam,Namibia,Sub-Saharan Africa,2015,2374300.0,12.7231,63.8,3.6,47.63,5.046,585145.0,43.43,25.6879,2549817.0
nam,Namibia,Sub-Saharan Africa,2020,2728762.0,10.0938,64.2,3.35,40.46,3.634,764487.0,42.49,57.8608,2898125.0
nru,Nauru,East Asia & Pacific,2000,10168.0,7.1628,56.8,3.54,42.57,8.161,1288.0,79.31,,1200.0
nru,Nauru,East Asia & Pacific,2005,10049.0,5.733,56.6,3.38,38.48,6.33,1612.0,77.48,,
nru,Nauru,East Asia & Pacific,2010,10043.0,5.5165,57.3,4.02,37.52,4.396,1904.0,80.93,,6200.0
nru,Nauru,East Asia & Pacific,2015,10954.0,8.9826,58.6,4.08,33.16,4.595,784.0,73.05,,9400.0
nru,Nauru,East Asia & Pacific,2020,11643.0,9.0595,58.4,3.47,28.38,4.667,554.0,68.92,77.4666,10000.0
npl,Nepal,South Asia,2000,24546509.0,3.5665,65.2,3.98,79.15,0.109,13984389.0,8.47,0.20465,10226.0
npl,Nepal,South Asia,2005,26309458.0,4.4905,68.1,3.12,59.38,0.174,12607608.0,8.17,0.82655,227316.0
npl,Nepal,South Asia,2010,27341952.0,5.6297,70.6,2.54,45.89,0.162,6257515.0,8.62,7.93,9195562.0
npl,Nepal,South Asia,2015,27823629.0,6.9918,71.5,2.27,35.52,0.228,2599124.0,8.94,17.5816,27516055.0
npl,Nepal,South Asia,2020,28966574.0,8.6835,72.2,2.05,28.41,0.845,1218876.0,9.41,36.9653,38213000.0
nld,Netherlands,Europe & Central Asia,2000,16058760.0,59.1618,78.1,1.72,6.19,8.1,42939.0,7.77,43.98435,10755000.0
nld,Netherlands,Europe & Central Asia,2005,16465710.0,60.157,79.4,1.71,5.32,13.415,23802.0,5.42,81.0,15834000.0
nld,Netherlands,Europe & Central Asia,2010,16771235.0,65.0932,80.7,1.79,4.42,13.359,8822.0,4.05,90.72,19179000.0
nld,Netherlands,Europe & Central Asia,2015,17107433.0,66.948,81.4,1.66,4.05,9.94,13774.0,3.3,91.72414,20809054.0
nld,Netherlands,Europe & Central Asia,2020,17636731.0,74.2318,81.2,1.55,4.04,8.666,7698.0,3.04,91.33333,21415000.0
nzl,New Zealand,East Asia & Pacific,2000,3857574.0,34.6943,78.4,1.98,7.39,8.267,5078.0,13.3,47.37956,1542000.0
nzl,New Zealand,East Asia & Pacific,2005,4135007.0,39.4785,79.9,1.96,6.61,10.048,3456.0,10.41,62.7202,3530000.0
nzl,New Zealand,East Asia & Pacific,2010,4347770.0,39.9167,80.9,2.17,6.14,8.336,3371.0,8.72,80.46,4710000.0
nzl,New Zealand,East Asia & Pacific,2015,4614029.0,43.4884,81.6,1.98,5.51,8.38,2589.0,6.94,85.2,5600000.0
nzl,New Zealand,East Asia & Pacific,2020,5069895.0,44.5917,82.3,1.63,4.85,7.623,2363.0,6.7,90.921,6236000.0
nic,Nicaragua,Americas,2000,5022633.0,14.381,74.8,3.12,38.55,0.86,1424074.0,17.55,0.98022,90294.0
nic,Nicaragua,Americas,2005,5342105.0,15.7474,74.9,2.77,29.88,0.939,1485754.0,16.28,2.5664,1119379.0
nic,Nicaragua,Americas,2010,5737450.0,10.0304,75.0,2.6,23.9,0.912,715893.0,16.49,10.0,3962247.0
nic,Nicaragua,Americas,2015,6149417.0,13.3504,75.0,2.43,19.4,1.172,410916.0,17.02,19.7043,7264151.0
nic,Nicaragua,Americas,2020,6565267.0,12.5507,71.9,2.3,16.03,0.865,504763.0,17.97,44.8749,5962186.0
ner,Niger,Sub-Saharan Africa,2000,11509630.0,1.9139,48.2,7.83,224.9,0.061,9943361.0,32.0,0.03626,2056.0
ner,Niger,Sub-Saharan Africa,2005,13756192.0,2.1412,52.3,7.77,170.19,0.052,11389313.0,30.47,0.2213,323853.0
ner,Niger,Sub-Saharan Africa,2010,16548835.0,2.7154,55.6,7.64,121.9,0.071,11728886.0,29.64,0.83,3668625.0
ner,Niger,Sub-Saharan Africa,2015,19939498.0,3.2774,56.9,7.22,93.76,0.101,12005650.0,30.28,2.4762,8959000.0
ner,Niger,Sub-Saharan Africa,2020,23717613.0,3.4243,57.5,6.37,77.52,0.104,13975488.0,30.59,11.8568,14239000.0
nga,Nigeria,Sub-Saharan Africa,2000,126382494.0,3.8331,52.9,6.12,182.86,0.384,75490180.0,29.29,0.06408,30000.0
nga,Nigeria,Sub-Saharan Africa,2005,145017253.0,4.0356,56.1,6.06,155.03,0.686,70390078.0,30.75,3.54916,18587000.0
nga,Nigeria,Sub-Saharan Africa,2010,166642886.0,4.5964,59.3,5.95,135.53,0.602,64472681.0,30.41,11.5,87297789.0
nga,Nigeria,Sub-Saharan Africa,2015,190671878.0,4.8296,61.2,5.5,126.45,0.633,66018686.0,30.67,22.5142,150830089.0
nga,Nigeria,Sub-Saharan Africa,2020,213996181.0,4.6158,63.0,4.7,114.08,0.634,80162739.0,26.0,31.8888,204228678.0
prk,North Korea,East Asia & Pacific,2000,23665910.0,3.5188,69.1,1.94,60.0,3.019,8307697.0,19.62,,
prk,North Korea,East Asia & Pacific,2005,24396433.0,3.751,72.0,1.87,33.0,3.137,3241514.0,19.17,,
prk,North Korea,East Asia & Pacific,2010,24987258.0,3.5489,72.7,1.89,29.5,2.039,2855431.0,19.17,,431919.0
prk,North Korea,East Asia & Pacific,2015,25575350.0,3.5733,73.2,1.86,21.1,0.978,2084054.0,18.56,,3240000.0
prk,North Korea,East Asia & Pacific,2020,26136312.0,3.041,73.6,1.82,16.53,1.213,1829130.0,18.77,,6000000.0
mkd,North Macedonia,Europe & Central Asia,2000,2057253.0,8.7386,72.7,1.86,15.98,5.929,238388.0,8.35,2.48557,115748.0
mkd,North Macedonia,Europe & Central Asia,2005,2089807.0,15.3079,73.9,1.47,13.72,5.475,73922.0,7.7,26.45,1131006.0
mkd,North Macedonia,Europe & Central Asia,2010,2051505.0,12.0458,74.9,1.71,10.36,4.154,218350.0,6.45,51.9,2153425.0
mkd,North Macedonia,Europe & Central Asia,2015,1980366.0,13.9105,75.7,1.76,11.36,3.414,146034.0,5.47,70.3802,2083583.0
mkd,North Macedonia,Europe & Central Asia,2020,1872015.0,16.5876,74.6,1.63,6.47,3.29,86099.0,4.91,81.40554,1862138.0
nor,Norway,Europe & Central Asia,2000,4490867.0,58.6222,78.7,1.85,4.86,9.457,6149.0,7.56,52.0,3224000.0
nor,Norway,Europe & Central Asia,2005,4623124.0,67.5451,80.2,1.84,4.05,9.503,9880.0,5.78,81.99,4754453.0
nor,Norway,Europe & Central Asia,2010,4889162.0,74.5958,81.0,1.94,3.27,11.297,6760.0,4.33,93.39,5599286.0
nor,Norway,Europe & Central Asia,2015,5189771.0,86.3904,82.2,1.73,2.73,9.691,8971.0,2.63,96.81033,5714890.0
nor,Norway,Europe & Central Asia,2020,5379274.0,84.3929,83.1,1.48,1.88,8.708,15759.0,1.87,94.60756,5825584.0
omn,Oman,Middle East & North Africa,2000,2282131.0,39.0457,72.9,3.85,16.46,8.216,14491.0,55.84,3.52042,162000.0
omn,Oman,Middle East & North Africa,2005,2459802.0,39.9679,73.8,3.03,12.8,9.941,14183.0,57.43,6.6836,1333225.0
omn,Oman,Middle East & North Africa,2010,2757446.0,46.4331,73.9,2.97,11.71,14.863,2454.0,55.83,35.8278,4606133.0
omn,Oman,Middle East & North Africa,2015,4184895.0,38.361,74.7,2.97,11.19,15.635,5100.0,40.85,73.53,6646655.0
omn,Oman,Middle East & North Africa,2020,4522497.0,36.19,73.5,2.64,11.0,12.858,6380.0,30.65,95.23229,6276535.0
pak,Pakistan,South Asia,2000,154879127.0,3.5094,64.3,5.35,107.8,0.708,80652044.0,11.42,,306493.0
pak,Pakistan,South Asia,2005,175453212.0,4.1453,64.0,4.6,96.27,0.836,70811708.0,12.6,6.3323,12771203.0
pak,Pakistan,South Asia,2010,199239047.0,4.6861,66.5,4.4,87.11,0.847,56576141.0,14.62,8.0,99185844.0
pak,Pakistan,South Asia,2015,217290883.0,5.5837,67.8,3.99,76.02,0.887,39051740.0,15.58,11.0,125899638.0
pak,Pakistan,South Asia,2020,235001746.0,5.3073,66.8,3.77,65.23,1.0,39550551.0,16.91,18.935,175624364.0
plw,Palau,East Asia & Pacific,2000,19178.0,14.4939,67.1,1.82,28.46,10.941,698.0,18.19,,
plw,Palau,East Asia & Pacific,2005,19819.0,16.25,67.6,2.02,25.98,11.121,544.0,17.23,,6051.0
plw,Palau,East Asia & Pacific,2010,18396.0,15.3723,68.2,1.94,23.13,11.642,444.0,15.07,,14512.0
plw,Palau,East Asia & Pacific,2015,17770.0,18.6181,68.4,2.0,19.8,12.663,324.0,15.47,,23743.0
plw,Palau,East Asia & Pacific,2020,17792.0,16.8875,68.3,1.97,16.85,13.055,275.0,15.67,,24000.0
pse,Palestine,Middle East & North Africa,2000,3151793.0,14.1487,72.7,5.46,30.37,0.515,62154.0,13.49,1.11131,7076.0
pse,Palestine,Middle East & North Africa,2005,3557401.0,14.0562,73.4,4.87,25.92,0.767,54789.0,11.85,16.005,567584.0
pse,Palestine,Middle East & North Africa,2010,4016916.0,14.9985,74.4,4.43,22.07,0.502,30867.0,10.55,37.4,2603582.0
pse,Palestine,Middle East & North Africa,2015,4521565.0,14.5922,75.9,3.98,19.16,0.664,65868.0,8.56,56.7,3531000.0
pse,Palestine,Middle East & North Africa,2020,5069692.0,14.7935,76.0,3.51,16.31,0.671,133953.0,7.47,76.1816,4062334.0
pan,Panama,Americas,2000,3010369.0,16.2662,77.5,2.74,26.02,1.607,459524.0,18.52,6.5548,410401.0
pan,Panama,Americas,2005,3313026.0,15.9798,77.8,2.64,22.93,-0.511,485315.0,16.36,11.484,1748740.0
pan,Panama,Americas,2010,3628535.0,20.9299,78.1,2.59,19.86,0.353,304175.0,15.27,40.1,6646348.0
pan,Panama,Americas,2015,3960035.0,26.6551,78.6,2.53,17.01,0.342,202115.0,14.23,51.20542,5741929.0
pan,Panama,Americas,2020,4293261.0,29.1567,76.7,2.18,14.74,3.686,129772.0,11.11,64.8243,6108584.0
png,Papua New Guinea,East Asia & Pacific,2000,5537064.0,3.4933,63.4,4.53,71.08,0.456,3587741.0,19.75,0.83525,8560.0
png,Papua New Guinea,East Asia & Pacific,2005,6535905.0,3.6802,63.8,4.22,64.9,0.675,3940275.0,18.5,1.71619,75000.0
png,Papua New Guinea,East Asia & Pacific,2010,7633523.0,4.0916,64.4,3.88,57.93,0.638,3799797.0,19.87,1.28,1909078.0
png,Papua New Guinea,East Asia & Pacific,2015,8743246.0,4.7493,65.4,3.56,51.0,0.91,3938752.0,19.96,7.9,3560000.0
png,Papua New Guinea,East Asia & Pacific,2020,9815746.0,4.6614,66.5,3.27,43.95,0.903,4572221.0,18.95,15.0204,4818000.0
pry,Paraguay,Americas,2000,5100868.0,15.444,74.6,3.51,33.87,1.053,758231.0,18.97,0.74763,820810.0
pry,Paraguay,Americas,2005,5448097.0,14.7226,74.2,2.97,30.01,1.049,587139.0,21.89,7.90701,1887000.0
pry,Paraguay,Americas,2010,5737971.0,16.201,73.8,2.7,26.17,1.506,566228.0,25.78,19.8,5920858.0
pry,Paraguay,Americas,2015,6159103.0,19.9713,73.8,2.65,22.32,1.6,286675.0,26.78,49.7163,7411986.0
pry,Paraguay,Americas,2020,6603739.0,18.0752,72.4,2.5,18.76,1.833,187197.0,27.86,73.95751,7865050.0
per,Peru,Americas,2000,26598331.0,8.4191,76.3,2.85,38.2,1.208,7117665.0,15.46,3.07643,1273857.0
per,Peru,Americas,2005,28101180.0,8.8695,78.0,2.64,26.51,1.329,7231639.0,14.41,17.1,5583356.0
per,Peru,Americas,2010,29086019.0,12.7079,79.0,2.42,19.75,2.111,3427595.0,15.52,34.77,29115149.0
per,Peru,Americas,2015,30457600.0,14.2019,81.1,2.23,15.68,2.006,2537353.0,13.48,40.8526,34235810.0
per,Peru,Americas,2020,32838579.0,11.8685,72.4,2.06,12.78,1.72,3577649.0,14.38,65.2518,39358383.0
phl,Philippines,East Asia & Pacific,2000,79625397.0,14.0785,70.5,3.75,37.66,1.16,23008370.0,10.37,1.98225,6454359.0
phl,Philippines,East Asia & Pacific,2005,88015962.0,14.2406,70.6,3.45,34.19,1.087,24060727.0,10.88,5.3976,34778995.0
phl,Philippines,East Asia & Pacific,2010,96337125.0,15.0214,70.8,3.32,31.68,1.08,22902547.0,11.58,25.0,83150138.0
phl,Philippines,East Asia & Pacific,2015,105312992.0,16.2745,70.9,2.83,29.65,1.389,20217153.0,11.3,36.9,117838074.0
phl,Philippines,East Asia & Pacific,2020,112081264.0,16.8257,71.7,2.08,26.21,1.496,19268583.0,10.92,53.7649,149579406.0
pol,Poland,Europe & Central Asia,2000,38258071.0,16.1526,73.9,1.37,9.3,7.753,185204.0,16.75,7.28543,6747000.0
pol,Poland,Europe & Central Asia,2005,38124379.0,37.165,75.3,1.24,7.55,7.473,234714.0,13.87,38.81,29166391.0
pol,Poland,Europe & Central Asia,2010,38095351.0,48.286,76.4,1.41,5.96,8.516,31170.0,10.82,62.32,46952111.0
pol,Poland,Europe & Central Asia,2015,38266314.0,51.8279,77.6,1.32,4.85,7.995,14064.0,8.09,67.99699,54537230.0
pol,Poland,Europe & Central Asia,2020,38171012.0,40.6913,76.7,1.38,4.27,7.43,76891.0,7.95,83.18489,49350724.0
prt,Portugal,Europe & Central Asia,2000,10283204.0,32.7821,76.8,1.54,7.19,10.671,119007.0,17.79,16.43047,6664951.0
prt,Portugal,Europe & Central Asia,2005,10502994.0,34.0198,78.8,1.41,4.64,12.167,76411.0,14.63,34.99,11447313.0
prt,Portugal,Europe & Central Asia,2010,10578660.0,34.7307,80.1,1.38,3.82,9.026,28379.0,8.73,53.3,12210377.0
prt,Portugal,Europe & Central Asia,2015,10370267.0,33.4722,81.4,1.3,3.65,5.001,79265.0,5.69,68.63286,11714693.0
prt,Portugal,Europe & Central Asia,2020,10370519.0,40.4537,81.4,1.41,2.89,4.63,70824.0,5.8,78.26166,11851054.0
qat,Qatar,Middle East & North Africa,2000,644989.0,67.3336,73.6,3.07,12.4,24.055,,28.76,4.86368,120856.0
qat,Qatar,Middle East & North Africa,2005,825408.0,82.4205,74.8,2.64,10.4,35.279,,29.29,24.7335,716763.0
qat,Qatar,Middle East & North Africa,2010,1709229.0,99.0278,77.4,2.14,9.0,25.611,,24.01,69.0,2186447.0
qat,Qatar,Middle East & North Africa,2015,2427331.0,94.4434,80.8,1.98,7.78,27.844,,16.42,92.88483,3740469.0
qat,Qatar,Middle East & North Africa,2020,2803375.0,79.0887,80.5,1.68,5.77,25.631,,11.16,99.65285,3798514.0
rou,Romania,Europe & Central Asia,2000,22046262.0,6.366,71.1,1.3,21.57,4.062,2719371.0,13.44,3.61372,2499000.0
rou,Romania,Europe & Central Asia,2005,21213388.0,9.0652,72.4,1.39,18.13,4.695,800538.0,12.99,21.5,13354138.0
rou,Romania,Europe & Central Asia,2010,20432574.0,24.824,73.9,1.57,12.37,4.532,153182.0,11.18,39.93,24360000.0
rou,Romania,Europe & Central Asia,2015,19871019.0,13.9156,75.2,1.62,9.16,3.985,1576678.0,9.43,55.76316,23120000.0
rou,Romania,Europe & Central Asia,2020,19392469.0,43.775,74.3,1.73,6.75,4.148,547.0,8.5,78.45527,22588000.0
rus,Russia,Europe & Central Asia,2000,146717783.0,11.4097,65.8,1.19,19.29,6.744,8056543.0,24.66,1.97723,3263200.0
rus,Russia,Europe & Central Asia,2005,144597884.0,18.5906,65.9,1.3,13.78,8.272,2466743.0,24.41,15.2267,120000000.0
rus,Russia,Europe & Central Asia,2010,143934465.0,26.6559,69.2,1.59,10.37,9.421,344688.0,17.16,49.0,237689224.0
rus,Russia,Europe & Central Asia,2015,145307616.0,66.0736,71.4,1.79,8.24,9.058,158073.0,14.87,70.09924,227288088.0
rus,Russia,Europe & Central Asia,2020,146371299.0,64.1251,72.0,1.51,5.19,9.29,86288.0,9.92,84.99467,238733217.0
rwa,Rwanda,Sub-Saharan Africa,2000,8213931.0,2.3991,43.8,5.97,185.16,0.084,6706706.0,89.72,0.06283,39000.0
rwa,Rwanda,Sub-Saharan Africa,2005,9054528.0,3.1085,42.9,5.5,105.41,0.055,6715809.0,69.34,0.556,222978.0
rwa,Rwanda,Sub-Saharan Africa,2010,10317553.0,3.3045,52.4,4.52,63.84,0.059,7196596.0,62.71,8.0,3548761.0
rwa,Rwanda,Sub-Saharan Africa,2015,11640022.0,3.5107,60.7,4.11,47.71,0.092,7299404.0,61.8,12.456,8759619.0
rwa,Rwanda,Sub-Saharan Africa,2020,13065837.0,3.8131,63.7,3.91,40.43,0.164,7492098.0,65.0,23.8,10614408.0
wsm,Samoa,East Asia & Pacific,2000,181685.0,10.0995,71.7,4.52,21.2,0.82,15042.0,14.28,0.56639,2500.0
wsm,Samoa,East Asia & Pacific,2005,186978.0,11.5496,72.0,4.32,19.28,0.898,8691.0,13.33,3.35259,24000.0
wsm,Samoa,East Asia & Pacific,2010,193023.0,11.6541,72.7,4.52,19.35,1.006,6807.0,12.61,7.0,90000.0
wsm,Samoa,East Asia & Pacific,2015,201782.0,11.5848,73.0,4.34,18.56,1.213,7124.0,12.15,,120517.0
wsm,Samoa,East Asia & Pacific,2020,211944.0,12.1484,72.5,4.0,15.5,1.31,8434.0,11.15,,69000.0
smr,San Marino,Europe & Central Asia,2000,26799.0,74.5388,80.9,1.4,,,,11.48,48.7995,14503.0
smr,San Marino,Europe & Central Asia,2005,28572.0,77.6036,82.3,1.2,,,,9.48,,17150.0
smr,San Marino,Europe & Central Asia,2010,30624.0,63.8498,84.2,1.46,3.16,,,7.01,,30587.0
smr,San Marino,Europe & Central Asia,2015,33901.0,55.4614,85.6,1.2,,,,5.71,,36624.0
smr,San Marino,Europe & Central Asia,2020,34769.0,52.0679,84.0,1.11,1.86,,,5.23,77.95,39000.0
stp,Sao Tome and Principe,Sub-Saharan Africa,2000,144018.0,6.2032,64.4,5.16,82.03,0.335,23842.0,23.81,4.63852,
stp,Sao Tome and Principe,Sub-Saharan Africa,2005,161639.0,5.952,64.6,4.94,55.47,0.489,30348.0,32.21,13.7595,11953.0
stp,Sao Tome and Principe,Sub-Saharan Africa,2010,181802.0,5.7108,66.5,4.77,36.05,0.549,33126.0,38.91,18.75,102730.0
stp,Sao Tome and Principe,Sub-Saharan Africa,2015,200291.0,7.3524,68.1,4.35,23.15,0.57,35505.0,36.1,25.82,184971.0
stp,Sao Tome and Principe,Sub-Saharan Africa,2020,217435.0,8.461,67.0,3.83,16.12,0.587,28333.0,35.03,51.5547,174203.0
sau,Saudi Arabia,Middle East & North Africa,2000,16177722.0,50.6772,73.0,4.21,22.02,9.466,80287.0,43.84,2.21069,1375881.0
sau,Saudi Arabia,Middle East & North Africa,2005,20559890.0,53.0212,72.4,3.16,16.46,14.301,16614.0,48.13,12.70504,14164184.0
sau,Saudi Arabia,Middle East & North Africa,2010,25157128.0,53.8774,71.6,2.81,12.25,17.452,17530.0,52.4,41.0,51564375.0
sau,Saudi Arabia,Middle East & North Africa,2015,29974938.0,57.3969,73.2,2.63,9.1,21.261,13886.0,42.68,69.61624,52796066.0
sau,Saudi Arabia,Middle East & North Africa,2020,30991207.0,56.3394,72.4,2.27,6.91,18.178,13228.0,33.82,97.86233,43215439.0
sen,Senegal,Sub-Saharan Africa,2000,9968260.0,3.2254,61.7,5.5,129.55,0.476,6378219.0,19.83,0.40397,250251.0
sen,Senegal,Sub-Saharan Africa,2005,11235472.0,3.7399,63.7,5.13,91.77,0.606,6109164.0,21.4,4.78668,1730106.0
sen,Senegal,Sub-Saharan Africa,2010,12635413.0,3.7855,67.1,5.06,65.73,0.591,6681962.0,18.59,8.0,8343717.0
sen,Senegal,Sub-Saharan Africa,2015,14593331.0,5.272,69.1,4.75,49.36,0.835,5749847.0,15.08,21.7,14959477.0
sen,Senegal,Sub-Saharan Africa,2020,16789219.0,6.5898,68.4,4.0,38.03,0.933,3301649.0,18.16,53.3088,19078948.0
srb,Serbia,Europe & Central Asia,2000,7694605.0,15.4899,71.4,1.35,12.65,4.742,48924.0,10.26,,
srb,Serbia,Europe & Central Asia,2005,7539133.0,15.9739,72.8,1.34,8.94,5.621,138553.0,9.3,26.3,5510690.0
srb,Serbia,Europe & Central Asia,2010,7395864.0,14.6845,74.1,1.4,7.6,5.086,44751.0,8.16,40.9,9915348.0
srb,Serbia,Europe & Central Asia,2015,7177253.0,31.1226,75.2,1.46,6.29,4.932,21031.0,6.16,65.31703,9155664.0
srb,Serbia,Europe & Central Asia,2020,6907812.0,21.0005,74.7,1.49,5.61,4.868,144897.0,5.51,78.36805,8260758.0
syc,Seychelles,Sub-Saharan Africa,2000,83318.0,21.4157,72.0,2.07,13.75,7.063,2243.0,13.94,7.39563,25961.0
syc,Seychelles,Sub-Saharan Africa,2005,89266.0,19.9959,72.4,2.18,13.74,7.776,1132.0,13.54,25.41327,58806.0
syc,Seychelles,Sub-Saharan Africa,2010,94971.0,23.0862,73.2,2.2,14.09,4.861,1482.0,12.99,41.0,117587.0
syc,Seychelles,Sub-Saharan Africa,2015,107230.0,25.1548,74.3,2.22,14.79,5.173,1629.0,11.99,54.2596,148244.0
syc,Seychelles,Sub-Saharan Africa,2020,120291.0,21.9343,75.8,2.23,13.96,6.76,926.0,10.23,79.2517,183498.0
sle,Sierra Leone,Sub-Saharan Africa,2000,4423611.0,2.4084,48.4,6.36,224.85,0.085,3336899.0,18.82,0.11825,11940.0
sle,Sierra Leone,Sub-Saharan Africa,2005,5501712.0,2.9862,51.3,5.81,195.54,0.082,3745774.0,20.91,0.2154,
sle,Sierra Leone,Sub-Saharan Africa,2010,6222714.0,3.5052,53.9,5.33,160.63,0.09,3623773.0,25.79,0.58,2000000.0
sle,Sierra Leone,Sub-Saharan Africa,2015,7037655.0,4.0521,55.3,4.55,140.19,0.126,3554967.0,31.76,6.3444,5657000.0
sle,Sierra Leone,Sub-Saharan Africa,2020,7912558.0,4.3868,57.3,4.08,107.78,0.141,3230830.0,34.24,17.1208,6884201.0
sgp,Singapore,East Asia & Pacific,2000,4035245.0,70.8046,79.2,1.34,3.87,30.892,799.0,6.55,36.0,2747400.0
sgp,Singapore,East Asia & Pacific,2005,4268364.0,86.6056,80.9,1.07,2.94,30.655,409.0,4.85,61.0,4384600.0
sgp,Singapore,East Asia & Pacific,2010,5077014.0,103.3159,82.8,0.93,2.83,21.657,291.0,3.71,71.0,7384600.0
sgp,Singapore,East Asia & Pacific,2015,5525340.0,117.9248,84.3,0.98,2.74,28.983,178.0,2.62,79.01296,8233100.0
sgp,Singapore,East Asia & Pacific,2020,5620150.0,125.4355,85.7,0.94,2.23,24.106,105.0,1.75,92.00435,8444800.0
svk,Slovak Republic,Europe & Central Asia,2000,5379999.0,24.4001,73.3,1.29,9.75,8.555,84799.0,12.91,9.4268,1243736.0
svk,Slovak Republic,Europe & Central Asia,2005,5376695.0,38.745,74.3,1.26,8.2,7.917,8784.0,10.77,55.19,4540374.0
svk,Slovak Republic,Europe & Central Asia,2010,5391851.0,26.6282,75.5,1.43,6.99,9.42,37223.0,8.45,75.71,5925012.0
svk,Slovak Republic,Europe & Central Asia,2015,5420278.0,25.9025,76.9,1.4,6.24,7.397,45198.0,6.45,77.63468,6675553.0
svk,Slovak Republic,Europe & Central Asia,2020,5455024.0,28.0985,76.9,1.59,5.71,6.824,16475.0,5.81,89.9209,7289707.0
svn,Slovenia,Europe & Central Asia,2000,1986816.0,30.3275,75.9,1.25,5.47,9.581,223.0,12.93,15.11026,1215601.0
svn,Slovenia,Europe & Central Asia,2005,1996914.0,38.7035,77.5,1.26,4.2,9.425,2514.0,10.76,46.81,1759232.0
svn,Slovenia,Europe & Central Asia,2010,2044612.0,43.7622,79.3,1.58,3.23,9.64,130.0,6.9,70.0,2121950.0
svn,Slovenia,Europe & Central Asia,2015,2059947.0,42.5522,80.6,1.58,2.59,8.428,40.0,5.14,73.09866,2353926.0
svn,Slovenia,Europe & Central Asia,2020,2102419.0,51.1135,80.4,1.59,2.15,8.851,,4.29,86.6013,2550895.0
slb,Solomon Islands,East Asia & Pacific,2000,440469.0,3.5688,63.2,4.76,30.74,0.373,276384.0,17.18,0.4813,1151.0
slb,Solomon Islands,East Asia & Pacific,2005,483080.0,3.5477,64.0,4.41,29.25,0.343,297496.0,15.47,0.8443,6000.0
slb,Solomon Islands,East Asia & Pacific,2010,532968.0,4.1701,64.4,4.34,26.38,0.354,249124.0,14.73,5.0,115500.0
slb,Solomon Islands,East Asia & Pacific,2015,639415.0,4.321,63.6,4.29,22.74,0.316,269739.0,16.88,10.0005,424712.0
slb,Solomon Islands,East Asia & Pacific,2020,744498.0,4.0784,63.6,3.75,19.84,0.27,337261.0,15.56,24.1984,474000.0
som,Somalia,Sub-Saharan Africa,2000,8838713.0,1.5743,54.4,7.65,172.71,0.054,7628981.0,20.39,0.02,80000.0
som,Somalia,Sub-Saharan Africa,2005,10644228.0,1.8238,55.5,7.53,172.63,0.057,8909865.0,22.04,1.0773,500000.0
som,Somalia,Sub-Saharan Africa,2010,12261756.0,2.1862,52.4,7.32,157.39,0.051,10079463.0,20.16,,648200.0
som,Somalia,Sub-Saharan Africa,2015,13806963.0,2.9522,62.0,6.98,134.3,0.046,9702726.0,18.45,1.76,5836000.0
som,Somalia,Sub-Saharan Africa,2020,16651191.0,3.0678,63.0,6.45,114.39,0.047,11028012.0,16.28,15.0237,8844000.0
zaf,South Africa,Sub-Saharan Africa,2000,47159719.0,6.563,59.0,2.41,71.52,5.836,21938100.0,42.44,5.34856,8339000.0
zaf,South Africa,Sub-Saharan Africa,2005,49490033.0,9.7555,54.4,2.51,78.84,5.843,20612358.0,39.01,7.48854,33959958.0
zaf,South Africa,Sub-Saharan Africa,2010,52344051.0,12.9815,58.2,2.45,51.98,6.203,15371541.0,42.92,24.0,50372000.0
zaf,South Africa,Sub-Saharan Africa,2015,56723537.0,12.1293,63.1,2.36,36.35,5.756,17591935.0,41.94,51.9191,87999492.0
zaf,South Africa,Sub-Saharan Africa,2020,60562381.0,11.0524,64.4,2.26,26.69,5.114,19780004.0,33.22,72.1128,95959439.0
kor,South Korea,East Asia & Pacific,2000,46766661.0,30.2862,76.2,1.47,7.55,10.252,231594.0,23.17,44.7,26816398.0
kor,South Korea,East Asia & Pacific,2005,47851644.0,37.0915,78.7,1.12,5.57,12.058,186416.0,14.91,73.5,38342323.0
kor,South Korea,East Asia & Pacific,2010,48769332.0,40.584,80.7,1.23,4.12,13.257,237152.0,11.48,83.7,50767241.0
kor,South Korea,East Asia & Pacific,2015,50983912.0,49.1022,82.4,1.2,3.52,13.026,126199.0,7.85,89.89626,58935081.0
kor,South Korea,East Asia & Pacific,2020,51858482.0,61.3264,83.5,0.81,3.05,12.651,7325.0,5.78,96.50506,70513676.0
ssd,South Sudan,Sub-Saharan Africa,2000,6032267.0,5.0518,52.8,6.8,181.15,0.074,4062596.0,46.14,,
ssd,South Sudan,Sub-Saharan Africa,2005,7590143.0,4.9824,54.8,6.02,139.73,0.121,4272216.0,43.53,,
ssd,South Sudan,Sub-Saharan Africa,2010,9745953.0,4.3601,56.0,5.32,108.41,0.14,4388804.0,47.56,,1500000.0
ssd,South Sudan,Sub-Saharan Africa,2015,11107561.0,2.5964,56.3,4.7,97.86,0.181,7635436.0,52.03,3.0,2899000.0
ssd,South Sudan,Sub-Saharan Africa,2020,10698467.0,4.3187,55.8,4.16,97.87,0.171,8672211.0,51.68,,
esp,Spain,Europe & Central Asia,2000,41019774.0,41.6692,79.4,1.21,5.53,8.111,333618.0,14.03,13.62496,24265059.0
esp,Spain,Europe & Central Asia,2005,43958885.0,44.712,80.4,1.33,4.73,9.351,152755.0,10.13,47.88,42694115.0
esp,Spain,Europe & Central Asia,2010,46840471.0,51.6658,82.0,1.37,3.78,7.006,225355.0,5.26,65.8,51389417.0
esp,Spain,Europe & Central Asia,2015,46683686.0,47.6552,82.6,1.33,3.21,6.068,326971.0,3.75,78.68963,51067770.0
esp,Spain,Europe & Central Asia,2020,47679489.0,52.6164,82.1,1.19,3.09,5.32,393499.0,3.35,93.20565,55647705.0
lka,Sri Lanka,South Asia,2000,19293054.0,6.3725,71.8,2.21,16.92,0.981,3857672.0,16.74,0.64741,430202.0
lka,Sri Lanka,South Asia,2005,20216524.0,7.5348,74.0,2.26,19.37,1.03,3212219.0,12.72,1.792,3361775.0
lka,Sri Lanka,South Asia,2010,20879089.0,8.2556,74.2,2.13,12.4,1.072,1753774.0,12.33,6.9124,17359312.0
lka,Sri Lanka,South Asia,2015,21729971.0,10.0131,76.6,2.09,8.72,1.631,1053791.0,11.2,15.2625,23899642.0
lka,Sri Lanka,South Asia,2020,22561807.0,10.034,78.2,2.01,6.82,1.684,864755.0,10.6,36.18473,29730465.0
kna,St. Kitts and Nevis,Americas,2000,45248.0,20.2781,71.4,2.13,17.6,3.91,3591.0,12.48,5.86281,1200.0
kna,St. Kitts and Nevis,Americas,2005,46437.0,22.4463,72.6,1.93,7.03,4.226,2990.0,10.79,34.0,51000.0
kna,St. Kitts and Nevis,Americas,2010,46846.0,24.157,73.6,1.76,17.56,4.489,2724.0,9.66,63.0,80000.0
kna,St. Kitts and Nevis,Americas,2015,47087.0,27.7635,74.2,1.64,26.0,4.583,1351.0,10.19,66.1731,73009.0
kna,St. Kitts and Nevis,Americas,2020,46870.0,25.8379,74.1,1.55,15.12,4.273,1474.0,9.16,70.2753,62525.0
lca,St. Lucia,Americas,2000,158616.0,9.0031,73.9,2.21,18.36,2.223,61512.0,17.07,5.09048,2500.0
lca,St. Lucia,Americas,2005,165450.0,16.9773,74.7,1.81,18.44,2.244,61275.0,13.86,21.56758,105656.0
lca,St. Lucia,Americas,2010,170906.0,32.0144,75.6,1.67,19.65,2.317,191.0,12.76,32.5,198212.0
lca,St. Lucia,Americas,2015,174905.0,60.3702,76.7,1.47,21.86,2.293,149.0,13.8,57.2633,187741.0
lca,St. Lucia,Americas,2020,178250.0,48.9462,76.7,1.41,24.17,2.141,347.0,9.74,62.064,145931.0
vct,St. Vincent and the Grenadines,Americas,2000,113545.0,10.0282,71.8,2.31,22.17,1.361,13866.0,9.52,3.24504,2361.0
vct,St. Vincent and the Grenadines,Americas,2005,112450.0,12.3481,72.9,2.07,21.45,2.026,11885.0,8.24,9.19828,70620.0
vct,St. Vincent and the Grenadines,Americas,2010,109959.0,13.1951,73.8,2.14,19.83,2.032,10636.0,7.54,33.7,131791.0
vct,St. Vincent and the Grenadines,Americas,2015,106960.0,14.545,74.2,2.13,16.75,2.016,8954.0,8.58,49.4,113371.0
vct,St. Vincent and the Grenadines,Americas,2020,103526.0,15.7869,74.2,1.83,14.29,1.876,8190.0,5.12,63.381,100362.0
sdn,Sudan,Sub-Saharan Africa,2000,27816745.0,6.1502,60.1,5.6,104.28,0.185,5052489.0,34.64,0.02579,23000.0
sdn,Sudan,Sub-Saharan Africa,2005,31262444.0,7.3859,63.1,5.4,88.1,0.324,4295676.0,30.69,,1827940.0
sdn,Sudan,Sub-Saharan Africa,2010,35414399.0,7.5147,65.6,5.14,75.68,0.417,4650825.0,29.92,,18093231.0
sdn,Sudan,Sub-Saharan Africa,2015,40024431.0,7.2877,67.6,4.9,65.9,0.499,4239389.0,28.26,12.0,27938507.0
sdn,Sudan,Sub-Saharan Africa,2020,46789231.0,5.9597,67.6,4.54,56.59,0.504,7435488.0,29.13,,35195207.0
sur,Suriname,Americas,2000,476643.0,15.691,70.9,3.05,22.7,4.658,13366.0,18.3,2.50641,41048.0
sur,Suriname,Americas,2005,519313.0,18.9167,71.5,2.71,19.83,3.184,11014.0,18.64,6.40309,232785.0
sur,Suriname,Americas,2010,549923.0,22.7151,72.4,2.69,20.92,4.531,8403.0,18.51,31.59,521166.0
sur,Suriname,Americas,2015,581627.0,23.2688,72.8,2.57,20.34,3.055,8637.0,17.86,42.7638,750458.0
sur,Suriname,Americas,2020,612317.0,19.0433,72.2,2.31,17.58,3.107,13035.0,16.38,,899339.0
swe,Sweden,Europe & Central Asia,2000,8872101.0,45.1083,79.8,1.54,4.1,9.611,2412.0,5.88,45.68765,6372300.0
swe,Sweden,Europe & Central Asia,2005,9029771.0,45.5122,80.6,1.77,3.6,10.051,46788.0,4.75,84.83,9104000.0
swe,Sweden,Europe & Central Asia,2010,9378232.0,53.9565,81.6,1.97,3.06,9.149,32080.0,3.05,90.0,10992407.0
swe,Sweden,Europe & Central Asia,2015,9799481.0,60.6363,82.3,1.85,2.86,7.235,64171.0,2.51,90.6102,12638827.0
swe,Sweden,Europe & Central Asia,2020,10353686.0,64.6739,82.4,1.67,2.96,5.904,45894.0,1.95,94.53943,12791840.0
che,Switzerland,Europe & Central Asia,2000,7184007.0,75.7629,80.1,1.49,5.64,12.314,2137.0,7.15,47.1,4638519.0
che,Switzerland,Europe & Central Asia,2005,7431823.0,77.4438,81.4,1.42,5.06,14.571,6794.0,4.96,70.1,6834233.0
che,Switzerland,Europe & Central Asia,2010,7825753.0,81.8951,82.4,1.52,4.56,12.901,5686.0,3.53,83.9,9644157.0
che,Switzerland,Europe & Central Asia,2015,8283934.0,85.342,83.2,1.54,4.28,17.325,1629.0,2.51,87.47906,11243210.0
che,Switzerland,Europe & Central Asia,2020,8640582.0,88.4123,83.1,1.47,4.55,12.289,4548.0,2.02,94.35,11006060.0
syr,Syria,Middle East & North Africa,2000,16637888.0,13.6255,71.3,4.07,23.03,3.079,215525.0,15.6,0.1817,30000.0
syr,Syria,Middle East & North Africa,2005,18814091.0,15.4366,73.0,3.61,19.68,2.719,143657.0,14.65,5.6481,2950000.0
syr,Syria,Middle East & North Africa,2010,22482421.0,14.2961,74.5,3.36,18.87,2.845,94220.0,12.56,20.7,11696000.0
syr,Syria,Middle East & North Africa,2015,19424618.0,9.4859,67.0,3.07,41.57,1.595,3397916.0,8.6,29.9798,14312271.0
syr,Syria,Middle East & North Africa,2020,21049429.0,6.2942,74.4,2.84,22.44,1.697,3618736.0,8.28,,16660253.0
tjk,Tajikistan,Europe & Central Asia,2000,6284735.0,2.5035,68.1,3.49,83.57,0.857,4694744.0,9.01,0.0486,1160.0
tjk,Tajikistan,Europe & Central Asia,2005,6924720.0,4.631,69.6,3.4,55.63,0.932,2277712.0,6.92,0.29869,265000.0
tjk,Tajikistan,Europe & Central Asia,2010,7652141.0,6.0956,71.7,3.46,42.71,1.041,1332894.0,5.96,11.55,5940842.0
tjk,Tajikistan,Europe & Central Asia,2015,8643840.0,6.9526,72.7,3.46,37.49,1.044,1205599.0,6.06,18.98,8489000.0
tjk,Tajikistan,Europe & Central Asia,2020,9749310.0,8.5146,71.9,3.21,32.22,1.347,986845.0,5.04,27.5441,6072126.0
tza,Tanzania,Sub-Saharan Africa,2000,34260139.0,1.8071,54.3,5.67,129.73,0.143,29350460.0,28.9,0.11719,110518.0
tza,Tanzania,Sub-Saharan Africa,2005,39182076.0,2.8234,57.9,5.58,93.9,0.221,26553499.0,29.08,1.1,2964000.0
tza,Tanzania,Sub-Saharan Africa,2010,44758488.0,3.7998,62.4,5.23,71.93,0.246,24730896.0,33.22,2.9,20983853.0
tza,Tanzania,Sub-Saharan Africa,2015,52020962.0,4.0822,66.0,5.03,58.11,0.38,26320876.0,38.81,10.0,39665600.0
tza,Tanzania,Sub-Saharan Africa,2020,60972798.0,4.2523,67.2,4.8,48.72,0.285,30641972.0,37.89,19.4814,51220233.0
tha,Thailand,East Asia & Pacific,2000,63007815.0,9.9285,71.0,1.73,21.95,2.432,6077804.0,44.82,3.68904,3056000.0
tha,Thailand,East Asia & Pacific,2005,66017420.0,13.4114,72.5,1.64,17.17,3.284,2290122.0,40.08,15.026,30460238.0
tha,Thailand,East Asia & Pacific,2010,68579447.0,15.9566,75.1,1.56,13.58,3.793,646926.0,30.94,22.4,71726300.0
tha,Thailand,East Asia & Pacific,2015,70540795.0,18.5337,76.6,1.45,10.8,3.691,145456.0,27.35,39.31613,102942000.0
tha,Thailand,East Asia & Pacific,2020,71641484.0,18.9941,77.8,1.26,8.65,3.822,90332.0,25.74,77.84374,116294000.0
tls,Timor-Leste,East Asia & Pacific,2000,745088.0,3.3,63.6,5.93,107.74,0.166,438576.0,18.02,,
tls,Timor-Leste,East Asia & Pacific,2005,948311.0,3.2274,66.6,5.61,80.91,0.177,567972.0,14.98,0.09903,33072.0
tls,Timor-Leste,East Asia & Pacific,2010,1084679.0,3.3726,68.5,4.82,61.47,0.215,525244.0,15.67,3.0,473020.0
tls,Timor-Leste,East Asia & Pacific,2015,1205131.0,3.8063,68.9,3.78,50.23,0.42,510556.0,19.04,18.6,1376669.0
tls,Timor-Leste,East Asia & Pacific,2020,1326053.0,5.6184,69.3,3.01,42.38,0.422,270472.0,20.68,32.0127,1377915.0
tgo,Togo,Sub-Saharan Africa,2000,5140037.0,3.2001,55.8,5.17,119.93,0.192,3310669.0,32.93,0.8,50000.0
tgo,Togo,Sub-Saharan Africa,2005,5844631.0,3.0454,57.5,5.04,103.14,0.197,3886316.0,35.87,1.8,433635.0
tgo,Togo,Sub-Saharan Africa,2010,6732590.0,3.173,59.5,5.09,88.97,0.269,4418083.0,39.56,3.0,2602283.0
tgo,Togo,Sub-Saharan Africa,2015,7663195.0,3.2839,61.9,4.66,75.85,0.284,4585958.0,37.45,7.12,4855206.0
tgo,Togo,Sub-Saharan Africa,2020,8669720.0,5.1741,63.4,4.39,64.4,0.831,3097463.0,40.99,29.0237,6516510.0
ton,Tonga,East Asia & Pacific,2000,102677.0,12.5344,71.2,4.16,16.91,0.973,5208.0,14.72,2.4344,180.0
ton,Tonga,East Asia & Pacific,2005,105671.0,12.0671,71.6,4.2,14.72,1.127,4499.0,12.5,4.9078,29872.0
ton,Tonga,East Asia & Pacific,2010,107400.0,11.2724,71.7,3.88,13.17,1.129,4742.0,11.95,16.0,54300.0
ton,Tonga,East Asia & Pacific,2015,106095.0,9.3349,71.9,3.54,12.41,1.201,5232.0,10.92,38.6513,73493.0
ton,Tonga,East Asia & Pacific,2020,105704.0,11.985,71.6,3.23,11.42,1.3,961.0,10.28,54.4737,62000.0
tto,Trinidad and Tobago,Americas,2000,1319774.0,22.1979,69.6,1.73,23.94,7.576,4079.0,16.65,7.72141,161860.0
tto,Trinidad and Tobago,Americas,2005,1352034.0,32.578,71.3,1.63,15.44,10.942,,15.57,28.9767,924100.0
tto,Trinidad and Tobago,Americas,2010,1386654.0,38.2547,73.1,1.61,14.71,17.53,,14.23,48.5,1894240.0
tto,Trinidad and Tobago,Americas,2015,1429188.0,42.344,73.8,1.6,19.32,15.598,,12.04,65.1,2123374.0
tto,Trinidad and Tobago,Americas,2020,1481024.0,33.3989,72.8,1.57,16.56,17.158,,11.98,77.2813,1987996.0
tun,Tunisia,Middle East & North Africa,2000,9764935.0,9.8515,71.5,2.03,29.92,1.428,1044065.0,26.47,2.75074,119165.0
tun,Tunisia,Middle East & North Africa,2005,10255472.0,10.8504,72.7,1.95,22.03,1.459,676680.0,25.23,9.6551,5680726.0
tun,Tunisia,Middle East & North Africa,2010,10765980.0,13.9689,73.8,2.08,18.4,1.805,374306.0,23.24,36.8,11114206.0
tun,Tunisia,Middle East & North Africa,2015,11402264.0,14.9758,74.9,2.31,17.17,1.952,115386.0,20.22,46.49999,14595875.0
tun,Tunisia,Middle East & North Africa,2020,11974057.0,15.7347,72.7,2.0,16.63,2.072,102914.0,16.56,68.5564,14852857.0
tur,Turkey,Europe & Central Asia,2000,65425961.0,10.9609,72.2,2.49,37.93,3.912,5116301.0,15.31,3.76169,16133405.0
tur,Turkey,Europe & Central Asia,2005,69329557.0,13.8848,74.6,2.2,26.15,4.384,4782941.0,12.73,15.46,43608965.0
tur,Turkey,Europe & Central Asia,2010,73346769.0,16.3785,77.3,2.08,18.11,4.784,2197436.0,9.37,39.82,61769635.0
tur,Turkey,Europe & Central Asia,2015,80014226.0,20.2621,76.4,2.16,12.95,5.153,1210562.0,10.23,53.74498,73639261.0
tur,Turkey,Europe & Central Asia,2020,86091692.0,24.7676,76.2,1.77,9.5,4.753,1202937.0,9.52,77.66956,82128104.0
tkm,Turkmenistan,Europe & Central Asia,2000,4582677.0,6.4405,66.5,2.9,69.71,8.303,1301493.0,8.4,0.13328,7500.0
tkm,Turkmenistan,Europe & Central Asia,2005,5052257.0,7.7671,67.1,2.71,52.29,10.152,1163734.0,11.65,0.9973,105000.0
tkm,Turkmenistan,Europe & Central Asia,2010,5564356.0,11.0027,69.4,2.85,43.12,11.235,699278.0,7.97,3.0,3197624.0
tkm,Turkmenistan,Europe & Central Asia,2015,6215770.0,16.2481,69.5,3.03,42.19,12.63,388611.0,6.12,14.9968,7842000.0
tkm,Turkmenistan,Europe & Central Asia,2020,6949912.0,19.6493,69.1,2.79,41.8,12.876,292126.0,5.99,,6164777.0
tuv,Tuvalu,East Asia & Pacific,2000,9544.0,9.9484,58.4,3.84,42.11,0.781,743.0,55.3,5.24164,
tuv,Tuvalu,East Asia & Pacific,2005,9940.0,9.2697,62.4,3.55,37.75,1.1,967.0,55.69,8.3,1300.0
tuv,Tuvalu,East Asia & Pacific,2010,10614.0,9.2506,62.9,3.44,31.31,0.697,1035.0,52.11,14.6,1600.0
tuv,Tuvalu,East Asia & Pacific,2015,10963.0,10.7881,63.2,3.31,25.97,0.991,763.0,38.06,27.3,6600.0
tuv,Tuvalu,East Asia & Pacific,2020,10399.0,13.5999,63.1,3.31,21.96,1.0,379.0,32.01,,9000.0
are,UAE,Middle East & North Africa,2000,3493575.0,94.172,72.7,2.73,11.15,28.286,,37.63,23.6253,1428115.0
are,UAE,Middle East & North Africa,2005,4664790.0,96.0616,74.6,2.23,9.83,33.39,,29.4,40.0,4534143.0
are,UAE,Middle East & North Africa,2010,6938363.0,73.5858,76.5,1.57,8.66,23.856,,27.78,68.0,10926019.0
are,UAE,Middle East & North Africa,2015,8674633.0,77.2049,78.5,1.42,7.6,26.975,,13.27,90.5,17942560.0
are,UAE,Middle East & North Africa,2020,9448524.0,77.5611,79.5,1.29,6.58,19.74,,7.69,100.0,18374332.0
gbr,UK,Europe & Central Asia,2000,59057338.0,57.545,77.9,1.64,6.55,12.617,88183.0,6.39,26.82175,43452000.0
gbr,UK,Europe & Central Asia,2005,60596108.0,60.7825,79.2,1.76,6.03,12.377,128075.0,5.65,70.0,65471665.0
gbr,UK,Europe & Central Asia,2010,63006483.0,60.7209,80.4,1.92,5.17,10.779,138069.0,3.57,85.0,76729827.0
gbr,UK,Europe & Central Asia,2015,65382110.0,62.2071,81.1,1.8,4.47,9.012,131568.0,2.59,92.0003,79250793.0
gbr,UK,Europe & Central Asia,2020,67351861.0,64.0006,80.4,1.57,4.19,6.891,263054.0,1.91,94.8182,79007000.0
usa,USA,Americas,2000,281484131.0,75.5239,76.8,2.03,8.45,21.993,1172223.0,15.81,43.07916,109478031.0
usa,USA,Americas,2005,295716664.0,77.6196,77.6,2.04,7.96,22.545,1911904.0,15.34,67.9681,203700000.0
usa,USA,Americas,2010,311062790.0,75.4596,78.7,1.92,7.34,19.084,1664736.0,11.28,71.69,285118000.0
usa,USA,Americas,2015,326126497.0,79.629,78.8,1.83,6.79,17.755,2020114.0,11.39,74.5542,332101000.0
usa,USA,Americas,2020,339436159.0,96.5305,77.1,1.62,6.36,15.387,1028073.0,12.6,90.3447,352522000.0
uga,Uganda,Sub-Saharan Africa,2000,24000150.0,2.408,48.5,6.79,146.11,0.113,19110240.0,41.57,0.16371,126913.0
uga,Uganda,Sub-Saharan Africa,2005,27963289.0,2.8535,55.2,6.53,107.06,0.126,20256672.0,43.12,1.7422,1315300.0
uga,Uganda,Sub-Saharan Africa,2010,32390802.0,3.6295,59.3,6.02,76.29,0.182,19904540.0,50.2,4.3,12828264.0
uga,Uganda,Sub-Saharan Africa,2015,37531446.0,3.6974,62.7,5.25,55.7,0.179,21549629.0,58.79,5.7,20220273.0
uga,Uganda,Sub-Saharan Africa,2020,44457152.0,3.6333,64.6,4.62,43.73,0.167,26403396.0,58.74,7.4,27688987.0
ukr,Ukraine,Europe & Central Asia,2000,49556660.0,5.6096,68.1,1.11,15.4,4.499,5300089.0,16.75,0.71618,818524.0
ukr,Ukraine,Europe & Central Asia,2005,47585556.0,11.0247,67.7,1.22,12.8,5.298,662832.0,18.94,3.7498,30013500.0
ukr,Ukraine,Europe & Central Asia,2010,46456003.0,12.8369,70.4,1.44,11.73,5.403,61112.0,11.26,23.3,53928830.0
ukr,Ukraine,Europe & Central Asia,2015,45784896.0,12.7266,72.8,1.39,9.48,4.132,131702.0,9.52,48.88464,60720073.0
ukr,Ukraine,Europe & Central Asia,2020,44680014.0,15.5705,72.3,1.21,7.03,4.309,22942.0,8.98,75.03791,53977690.0
ury,Uruguay,Americas,2000,3266206.0,21.9769,74.7,2.2,16.99,2.402,55068.0,14.42,10.53906,410787.0
ury,Uruguay,Americas,2005,3285771.0,22.1211,75.6,2.1,14.36,2.275,54935.0,13.81,20.08819,1154923.0
ury,Uruguay,Americas,2010,3318580.0,29.7067,76.4,2.01,10.71,2.929,14688.0,15.54,46.4,4437158.0
ury,Uruguay,Americas,2015,3368017.0,35.5786,77.0,2.04,8.87,3.145,9474.0,14.75,64.57079,5165474.0
ury,Uruguay,Americas,2020,3398968.0,32.4287,77.9,1.5,5.36,2.937,11124.0,11.2,85.471,4551276.0
uzb,Uzbekistan,Europe & Central Asia,2000,24787054.0,1.4009,68.3,2.7,60.66,4.907,23078009.0,13.19,0.48435,53128.0
uzb,Uzbekistan,Europe & Central Asia,2005,26356975.0,1.7837,69.0,2.44,43.4,4.426,24069749.0,14.88,3.34351,720000.0
uzb,Uzbekistan,Europe & Central Asia,2010,28385506.0,3.196,70.1,2.44,28.72,3.635,24287530.0,13.54,15.9,20952000.0
uzb,Uzbekistan,Europe & Central Asia,2015,30749346.0,5.7264,71.1,2.58,19.34,3.305,2232825.0,12.85,42.8,21783300.0
uzb,Uzbekistan,Europe & Central Asia,2020,33586372.0,10.2603,71.2,3.06,13.95,2.65,1789088.0,11.08,71.1,33387000.0
vut,Vanuatu,East Asia & Pacific,2000,186281.0,5.9255,67.8,4.54,28.5,0.456,47231.0,12.6,2.10834,365.0
vut,Vanuatu,East Asia & Pacific,2005,210760.0,5.4304,69.0,4.13,28.23,0.28,59730.0,11.16,5.0823,12692.0
vut,Vanuatu,East Asia & Pacific,2010,238248.0,5.8549,69.4,4.13,29.13,0.512,61552.0,11.3,8.0,169935.0
vut,Vanuatu,East Asia & Pacific,2015,266101.0,5.9375,69.4,3.95,28.22,0.487,60777.0,11.24,22.3514,174818.0
vut,Vanuatu,East Asia & Pacific,2020,298858.0,5.5734,69.8,3.74,25.17,0.524,64850.0,11.22,,246232.0
ven,Venezuela,Americas,2000,24526708.0,10.5807,73.6,2.79,21.57,3.123,3747446.0,24.86,3.3596,5447172.0
ven,Venezuela,Americas,2005,26785804.0,10.6347,74.3,2.63,18.47,3.838,4114981.0,24.09,12.553,12495721.0
ven,Venezuela,Americas,2010,28813101.0,13.9905,74.6,2.4,17.06,4.542,2189464.0,23.01,37.37,27880132.0
ven,Venezuela,Americas,2015,30573972.0,14.2218,73.8,2.25,19.13,2.888,1351996.0,19.06,58.0,29093517.0
ven,Venezuela,Americas,2020,28444077.0,4.8013,71.8,2.12,24.19,0.631,1313018.0,18.26,72.4411,16543805.0
vnm,Vietnam,East Asia & Pacific,2000,77154011.0,4.5226,72.7,2.03,29.8,0.467,31370840.0,33.5,0.25425,788559.0
vnm,Vietnam,East Asia & Pacific,2005,81088313.0,5.5624,73.5,1.89,24.95,0.878,21689198.0,33.24,12.73993,9593200.0
vnm,Vietnam,East Asia & Pacific,2010,87455152.0,11.1931,74.2,1.91,22.92,1.154,5002538.0,31.9,30.65,111570201.0
vnm,Vietnam,East Asia & Pacific,2015,92823254.0,13.0945,75.1,2.1,21.81,1.607,2883205.0,26.68,45.0,120324052.0
vnm,Vietnam,East Asia & Pacific,2020,98079191.0,17.5046,75.9,1.96,20.95,2.096,1519108.0,23.98,70.3,138934626.0
yem,Yemen,Middle East & North Africa,2000,19624141.0,6.5681,65.0,6.32,94.97,0.832,3416938.0,26.94,0.0825,32042.0
yem,Yemen,Middle East & North Africa,2005,22790085.0,5.7544,67.3,5.56,72.97,0.985,4829525.0,27.35,1.0486,2277559.0
yem,Yemen,Middle East & North Africa,2010,26754387.0,5.2997,69.2,4.81,58.79,1.001,6093750.0,26.28,12.35,11085000.0
yem,Yemen,Middle East & North Africa,2015,31159379.0,3.498,69.6,4.62,60.68,0.48,15657915.0,24.88,24.0854,15021953.0
yem,Yemen,Middle East & North Africa,2020,36134863.0,2.6444,67.9,4.6,59.66,0.362,23742559.0,24.03,,15178000.0
zmb,Zambia,Sub-Saharan Africa,2000,10017631.0,3.5385,43.1,5.92,155.86,0.392,6026726.0,44.02,0.19107,98853.0
zmb,Zambia,Sub-Saharan Africa,2005,11718819.0,3.1584,48.5,5.7,106.21,0.36,8014067.0,38.9,1.3,949559.0
zmb,Zambia,Sub-Saharan Africa,2010,13965594.0,3.0305,55.4,5.36,79.01,0.392,9793774.0,40.88,3.0,5446991.0
zmb,Zambia,Sub-Saharan Africa,2015,16399089.0,3.3653,58.6,4.78,67.68,0.519,10979345.0,42.54,8.8,11557725.0
zmb,Zambia,Sub-Saharan Africa,2020,19059395.0,2.9947,59.2,4.32,61.11,0.388,13509715.0,43.36,14.6458,19104208.0
zwe,Zimbabwe,Sub-Saharan Africa,2000,11892055.0,7.6398,46.7,4.01,95.51,1.03,2887982.0,35.83,0.40143,266441.0
zwe,Zimbabwe,Sub-Saharan Africa,2005,12483432.0,5.0885,47.7,3.69,93.1,0.907,4820014.0,31.91,2.4,647110.0
zwe,Zimbabwe,Sub-Saharan Africa,2010,13356548.0,5.0366,56.7,4.04,86.43,0.733,5239949.0,28.39,6.4,7700000.0
zwe,Zimbabwe,Sub-Saharan Africa,2015,14399013.0,5.251,62.1,3.91,61.28,0.955,5738621.0,25.93,22.7428,12757410.0
zwe,Zimbabwe,Sub-Saharan Africa,2020,15526888.0,4.6842,63.5,3.75,53.35,0.737,8218645.0,22.12,29.29857,13191708.0
